ID,Req. Timestamp,Resp. Timestamp,Method,URL,Code,Reason,RTT,Size Resp. Header,Size Resp. Body
8131,Tue Jun 09 11:37:33 GMT-03:00 2026,Tue Jun 09 11:37:34 GMT-03:00 2026,POST,https://localhost:7194/api/servicos,400,Bad Request,731,150,219
8132,Tue Jun 09 11:37:34 GMT-03:00 2026,Tue Jun 09 11:37:34 GMT-03:00 2026,PUT,https://localhost:7194/api/insumos,400,Bad Request,729,150,197
8133,Tue Jun 09 11:37:34 GMT-03:00 2026,Tue Jun 09 11:37:34 GMT-03:00 2026,PUT,https://localhost:7194/api/servicos,400,Bad Request,678,150,197
8134,Tue Jun 09 11:37:34 GMT-03:00 2026,Tue Jun 09 11:37:34 GMT-03:00 2026,PUT,https://localhost:7194/api/clientes,400,Bad Request,776,150,197
8135,Tue Jun 09 11:37:34 GMT-03:00 2026,Tue Jun 09 11:37:34 GMT-03:00 2026,POST,https://localhost:7194/api/ordens-servico,400,Bad Request,579,150,204
8136,Tue Jun 09 11:37:34 GMT-03:00 2026,Tue Jun 09 11:37:34 GMT-03:00 2026,POST,https://localhost:7194/api/veiculos,400,Bad Request,855,150,205
8137,Tue Jun 09 11:37:34 GMT-03:00 2026,Tue Jun 09 11:37:35 GMT-03:00 2026,PUT,https://localhost:7194/api/ordens-servico,400,Bad Request,834,150,197
8138,Tue Jun 09 11:37:34 GMT-03:00 2026,Tue Jun 09 11:37:35 GMT-03:00 2026,PUT,https://localhost:7194/api/veiculos,400,Bad Request,805,150,197
8139,Tue Jun 09 11:37:34 GMT-03:00 2026,Tue Jun 09 11:37:35 GMT-03:00 2026,POST,https://localhost:7194/api/insumos,400,Bad Request,726,150,217
8140,Tue Jun 09 11:37:34 GMT-03:00 2026,Tue Jun 09 11:37:35 GMT-03:00 2026,PUT,https://localhost:7194/api/insumos,400,Bad Request,568,150,197
8141,Tue Jun 09 11:37:34 GMT-03:00 2026,Tue Jun 09 11:37:35 GMT-03:00 2026,POST,https://localhost:7194/api/servicos,400,Bad Request,657,150,220
8142,Tue Jun 09 11:37:34 GMT-03:00 2026,Tue Jun 09 11:37:35 GMT-03:00 2026,PUT,https://localhost:7194/api/servicos,400,Bad Request,693,150,197
8143,Tue Jun 09 11:37:34 GMT-03:00 2026,Tue Jun 09 11:37:35 GMT-03:00 2026,POST,https://localhost:7194/api/ordens-servico,400,Bad Request,667,150,204
8144,Tue Jun 09 11:37:34 GMT-03:00 2026,Tue Jun 09 11:37:35 GMT-03:00 2026,POST,https://localhost:7194/api/veiculos,400,Bad Request,687,150,205
8145,Tue Jun 09 11:37:34 GMT-03:00 2026,Tue Jun 09 11:37:35 GMT-03:00 2026,PUT,https://localhost:7194/api/clientes,400,Bad Request,830,150,197
8146,Tue Jun 09 11:37:35 GMT-03:00 2026,Tue Jun 09 11:37:35 GMT-03:00 2026,PUT,https://localhost:7194/api/ordens-servico,400,Bad Request,419,150,197
8147,Tue Jun 09 11:37:35 GMT-03:00 2026,Tue Jun 09 11:37:35 GMT-03:00 2026,PUT,https://localhost:7194/api/veiculos,400,Bad Request,680,150,197
8148,Tue Jun 09 11:37:35 GMT-03:00 2026,Tue Jun 09 11:37:35 GMT-03:00 2026,PUT,https://localhost:7194/api/insumos,400,Bad Request,608,150,197
8149,Tue Jun 09 11:37:35 GMT-03:00 2026,Tue Jun 09 11:37:35 GMT-03:00 2026,POST,https://localhost:7194/api/insumos,400,Bad Request,656,150,211
8150,Tue Jun 09 11:37:35 GMT-03:00 2026,Tue Jun 09 11:37:36 GMT-03:00 2026,PUT,https://localhost:7194/api/servicos,400,Bad Request,548,150,197
8151,Tue Jun 09 11:37:35 GMT-03:00 2026,Tue Jun 09 11:37:36 GMT-03:00 2026,POST,https://localhost:7194/api/servicos,400,Bad Request,750,150,220
8152,Tue Jun 09 11:37:35 GMT-03:00 2026,Tue Jun 09 11:37:36 GMT-03:00 2026,POST,https://localhost:7194/api/ordens-servico,400,Bad Request,574,150,204
8153,Tue Jun 09 11:37:35 GMT-03:00 2026,Tue Jun 09 11:37:36 GMT-03:00 2026,POST,https://localhost:7194/api/veiculos,400,Bad Request,784,150,205
8154,Tue Jun 09 11:37:35 GMT-03:00 2026,Tue Jun 09 11:37:36 GMT-03:00 2026,PUT,https://localhost:7194/api/clientes,400,Bad Request,757,150,197
8155,Tue Jun 09 11:37:35 GMT-03:00 2026,Tue Jun 09 11:37:36 GMT-03:00 2026,PUT,https://localhost:7194/api/ordens-servico,400,Bad Request,832,150,197
8156,Tue Jun 09 11:37:35 GMT-03:00 2026,Tue Jun 09 11:37:36 GMT-03:00 2026,PUT,https://localhost:7194/api/veiculos,400,Bad Request,555,150,197
8157,Tue Jun 09 11:37:36 GMT-03:00 2026,Tue Jun 09 11:37:36 GMT-03:00 2026,PUT,https://localhost:7194/api/servicos,400,Bad Request,733,150,197
8158,Tue Jun 09 11:37:35 GMT-03:00 2026,Tue Jun 09 11:37:36 GMT-03:00 2026,POST,https://localhost:7194/api/insumos,400,Bad Request,835,150,212
8159,Tue Jun 09 11:37:36 GMT-03:00 2026,Tue Jun 09 11:37:36 GMT-03:00 2026,POST,https://localhost:7194/api/servicos,400,Bad Request,691,150,219
8160,Tue Jun 09 11:37:35 GMT-03:00 2026,Tue Jun 09 11:37:36 GMT-03:00 2026,PUT,https://localhost:7194/api/insumos,400,Bad Request,907,150,197
8161,Tue Jun 09 11:37:36 GMT-03:00 2026,Tue Jun 09 11:37:36 GMT-03:00 2026,PUT,https://localhost:7194/api/clientes,400,Bad Request,476,150,197
8162,Tue Jun 09 11:37:36 GMT-03:00 2026,Tue Jun 09 11:37:37 GMT-03:00 2026,POST,https://localhost:7194/api/veiculos,400,Bad Request,668,150,205
8163,Tue Jun 09 11:37:36 GMT-03:00 2026,Tue Jun 09 11:37:37 GMT-03:00 2026,PUT,https://localhost:7194/api/ordens-servico,400,Bad Request,781,150,197
8164,Tue Jun 09 11:37:36 GMT-03:00 2026,Tue Jun 09 11:37:37 GMT-03:00 2026,PUT,https://localhost:7194/api/veiculos,400,Bad Request,736,150,197
8165,Tue Jun 09 11:37:36 GMT-03:00 2026,Tue Jun 09 11:37:37 GMT-03:00 2026,PUT,https://localhost:7194/api/servicos,400,Bad Request,550,150,197
8166,Tue Jun 09 11:37:36 GMT-03:00 2026,Tue Jun 09 11:37:37 GMT-03:00 2026,PUT,https://localhost:7194/api/insumos,400,Bad Request,538,150,197
8167,Tue Jun 09 11:37:36 GMT-03:00 2026,Tue Jun 09 11:37:37 GMT-03:00 2026,POST,https://localhost:7194/api/insumos,400,Bad Request,647,150,212
8168,Tue Jun 09 11:37:37 GMT-03:00 2026,Tue Jun 09 11:37:37 GMT-03:00 2026,POST,https://localhost:7194/api/veiculos,400,Bad Request,430,150,199
8169,Tue Jun 09 11:37:36 GMT-03:00 2026,Tue Jun 09 11:37:37 GMT-03:00 2026,POST,https://localhost:7194/api/servicos,400,Bad Request,645,150,219
8170,Tue Jun 09 11:37:36 GMT-03:00 2026,Tue Jun 09 11:37:37 GMT-03:00 2026,PUT,https://localhost:7194/api/clientes,400,Bad Request,735,150,197
8171,Tue Jun 09 11:37:37 GMT-03:00 2026,Tue Jun 09 11:37:37 GMT-03:00 2026,PUT,https://localhost:7194/api/veiculos,400,Bad Request,356,150,197
8172,Tue Jun 09 11:37:37 GMT-03:00 2026,Tue Jun 09 11:37:37 GMT-03:00 2026,PUT,https://localhost:7194/api/ordens-servico,400,Bad Request,593,150,197
8173,Tue Jun 09 11:37:37 GMT-03:00 2026,Tue Jun 09 11:37:37 GMT-03:00 2026,PUT,https://localhost:7194/api/insumos,400,Bad Request,450,150,197
8174,Tue Jun 09 11:37:37 GMT-03:00 2026,Tue Jun 09 11:37:37 GMT-03:00 2026,PUT,https://localhost:7194/api/servicos,400,Bad Request,575,150,197
8175,Tue Jun 09 11:37:37 GMT-03:00 2026,Tue Jun 09 11:37:37 GMT-03:00 2026,POST,https://localhost:7194/api/veiculos,400,Bad Request,449,150,200
8176,Tue Jun 09 11:37:37 GMT-03:00 2026,Tue Jun 09 11:37:37 GMT-03:00 2026,POST,https://localhost:7194/api/servicos,400,Bad Request,450,150,219
8177,Tue Jun 09 11:37:37 GMT-03:00 2026,Tue Jun 09 11:37:38 GMT-03:00 2026,PUT,https://localhost:7194/api/clientes,400,Bad Request,427,150,197
8178,Tue Jun 09 11:37:37 GMT-03:00 2026,Tue Jun 09 11:37:38 GMT-03:00 2026,PUT,https://localhost:7194/api/veiculos,400,Bad Request,433,150,197
8179,Tue Jun 09 11:37:37 GMT-03:00 2026,Tue Jun 09 11:37:38 GMT-03:00 2026,PUT,https://localhost:7194/api/insumos,400,Bad Request,240,150,197
8180,Tue Jun 09 11:37:37 GMT-03:00 2026,Tue Jun 09 11:37:38 GMT-03:00 2026,PUT,https://localhost:7194/api/servicos,400,Bad Request,272,150,197
8181,Tue Jun 09 11:37:37 GMT-03:00 2026,Tue Jun 09 11:37:38 GMT-03:00 2026,POST,https://localhost:7194/api/veiculos,400,Bad Request,412,150,200
8182,Tue Jun 09 11:37:38 GMT-03:00 2026,Tue Jun 09 11:37:38 GMT-03:00 2026,PUT,https://localhost:7194/api/clientes,400,Bad Request,354,150,197
8183,Tue Jun 09 11:37:38 GMT-03:00 2026,Tue Jun 09 11:37:38 GMT-03:00 2026,PUT,https://localhost:7194/api/veiculos,400,Bad Request,357,150,197
8184,Tue Jun 09 11:37:38 GMT-03:00 2026,Tue Jun 09 11:37:38 GMT-03:00 2026,PUT,https://localhost:7194/api/insumos,400,Bad Request,428,150,197
8185,Tue Jun 09 11:37:38 GMT-03:00 2026,Tue Jun 09 11:37:38 GMT-03:00 2026,POST,https://localhost:7194/api/veiculos,400,Bad Request,291,150,205
8186,Tue Jun 09 11:37:38 GMT-03:00 2026,Tue Jun 09 11:37:38 GMT-03:00 2026,PUT,https://localhost:7194/api/veiculos,400,Bad Request,247,150,197
8187,Tue Jun 09 11:37:38 GMT-03:00 2026,Tue Jun 09 11:37:38 GMT-03:00 2026,POST,https://localhost:7194/api/veiculos,400,Bad Request,99,150,205
8188,Tue Jun 09 11:37:38 GMT-03:00 2026,Tue Jun 09 11:37:38 GMT-03:00 2026,PUT,https://localhost:7194/api/veiculos,400,Bad Request,186,150,197
8189,Tue Jun 09 11:37:38 GMT-03:00 2026,Tue Jun 09 11:37:38 GMT-03:00 2026,POST,https://localhost:7194/api/veiculos,400,Bad Request,169,150,205
8190,Tue Jun 09 11:37:38 GMT-03:00 2026,Tue Jun 09 11:37:38 GMT-03:00 2026,PUT,https://localhost:7194/api/veiculos,400,Bad Request,158,150,197
8191,Tue Jun 09 11:37:38 GMT-03:00 2026,Tue Jun 09 11:37:39 GMT-03:00 2026,POST,https://localhost:7194/api/veiculos,400,Bad Request,178,150,205
8192,Tue Jun 09 11:37:39 GMT-03:00 2026,Tue Jun 09 11:37:39 GMT-03:00 2026,PUT,https://localhost:7194/api/veiculos,400,Bad Request,115,150,197
8193,Tue Jun 09 11:37:39 GMT-03:00 2026,Tue Jun 09 11:37:39 GMT-03:00 2026,POST,https://localhost:7194/api/veiculos,400,Bad Request,143,150,205
8194,Tue Jun 09 11:37:39 GMT-03:00 2026,Tue Jun 09 11:37:39 GMT-03:00 2026,PUT,https://localhost:7194/api/veiculos,400,Bad Request,153,150,197
8195,Tue Jun 09 11:37:39 GMT-03:00 2026,Tue Jun 09 11:37:39 GMT-03:00 2026,POST,https://localhost:7194/api/veiculos,400,Bad Request,182,150,205
8196,Tue Jun 09 11:37:39 GMT-03:00 2026,Tue Jun 09 11:37:39 GMT-03:00 2026,PUT,https://localhost:7194/api/veiculos,400,Bad Request,177,150,197
8197,Tue Jun 09 11:37:39 GMT-03:00 2026,Tue Jun 09 11:37:39 GMT-03:00 2026,PUT,https://localhost:7194/api/veiculos,400,Bad Request,58,150,197
8198,Tue Jun 09 11:37:39 GMT-03:00 2026,Tue Jun 09 11:37:39 GMT-03:00 2026,PUT,https://localhost:7194/api/veiculos,400,Bad Request,60,150,197
8199,Tue Jun 09 11:37:39 GMT-03:00 2026,Tue Jun 09 11:37:39 GMT-03:00 2026,DELETE,https://localhost:7194/api/clientes/Set-cookie%3A+Tamper%3Ddf86dd0d-98d1-48dc-9043-5f821541db81,404,Not Found,3,99,0
8200,Tue Jun 09 11:37:39 GMT-03:00 2026,Tue Jun 09 11:37:39 GMT-03:00 2026,DELETE,https://localhost:7194/api/insumos/Set-cookie%3A+Tamper%3D986bfb49-3a72-4270-80a2-dff1c886c69b,404,Not Found,65,99,0
8201,Tue Jun 09 11:37:39 GMT-03:00 2026,Tue Jun 09 11:37:39 GMT-03:00 2026,POST,https://localhost:7194/api/ordens-servico/Set-cookie%3A+Tamper%3Dbf5d4e8a-93c3-4a83-a9a3-d8d05c26127e/em-execucao,404,Not Found,111,99,0
8202,Tue Jun 09 11:37:39 GMT-03:00 2026,Tue Jun 09 11:37:39 GMT-03:00 2026,POST,https://localhost:7194/api/ordens-servico/Set-cookie%3A+Tamper%3De0056e3c-a1fe-44f5-b830-5328d1b1eea6/enviar-orcamento,404,Not Found,110,99,0
8203,Tue Jun 09 11:37:39 GMT-03:00 2026,Tue Jun 09 11:37:39 GMT-03:00 2026,POST,https://localhost:7194/api/ordens-servico/Set-cookie%3A+Tamper%3D1328372c-a854-4343-b04e-776767b97a77/entregar,404,Not Found,115,99,0
8204,Tue Jun 09 11:37:39 GMT-03:00 2026,Tue Jun 09 11:37:39 GMT-03:00 2026,DELETE,https://localhost:7194/api/ordens-servico/Set-cookie%3A+Tamper%3Db7293b78-4bbf-48e1-b167-8c4b785757cf,404,Not Found,116,99,0
8205,Tue Jun 09 11:37:39 GMT-03:00 2026,Tue Jun 09 11:37:39 GMT-03:00 2026,POST,https://localhost:7194/api/ordens-servico/Set-cookie%3A+Tamper%3D82a4aa8d-f1ae-49c7-aa79-76773b9c7558/aprovar-orcamento,404,Not Found,116,99,0
8206,Tue Jun 09 11:37:39 GMT-03:00 2026,Tue Jun 09 11:37:39 GMT-03:00 2026,POST,https://localhost:7194/api/ordens-servico/Set-cookie%3A+Tamper%3Df721db59-b838-4c6e-a958-980e3c58f312/em-diagnostico,404,Not Found,116,99,0
8207,Tue Jun 09 11:37:39 GMT-03:00 2026,Tue Jun 09 11:37:39 GMT-03:00 2026,POST,https://localhost:7194/api/clientes,400,Bad Request,118,149,74
8208,Tue Jun 09 11:37:39 GMT-03:00 2026,Tue Jun 09 11:37:39 GMT-03:00 2026,DELETE,https://localhost:7194/api/insumos/any%0D%0ASet-cookie%3A+Tamper%3D986bfb49-3a72-4270-80a2-dff1c886c69b,404,Not Found,53,99,0
8209,Tue Jun 09 11:37:39 GMT-03:00 2026,Tue Jun 09 11:37:39 GMT-03:00 2026,POST,https://localhost:7194/api/ordens-servico/any%0D%0ASet-cookie%3A+Tamper%3De0056e3c-a1fe-44f5-b830-5328d1b1eea6/enviar-orcamento,404,Not Found,20,99,0
8210,Tue Jun 09 11:37:39 GMT-03:00 2026,Tue Jun 09 11:37:39 GMT-03:00 2026,POST,https://localhost:7194/api/ordens-servico/any%0D%0ASet-cookie%3A+Tamper%3Dbf5d4e8a-93c3-4a83-a9a3-d8d05c26127e/em-execucao,404,Not Found,20,99,0
8211,Tue Jun 09 11:37:39 GMT-03:00 2026,Tue Jun 09 11:37:39 GMT-03:00 2026,DELETE,https://localhost:7194/api/ordens-servico/any%0D%0ASet-cookie%3A+Tamper%3Db7293b78-4bbf-48e1-b167-8c4b785757cf,404,Not Found,20,99,0
8212,Tue Jun 09 11:37:39 GMT-03:00 2026,Tue Jun 09 11:37:39 GMT-03:00 2026,POST,https://localhost:7194/api/ordens-servico/any%0D%0ASet-cookie%3A+Tamper%3D82a4aa8d-f1ae-49c7-aa79-76773b9c7558/aprovar-orcamento,404,Not Found,20,99,0
8213,Tue Jun 09 11:37:39 GMT-03:00 2026,Tue Jun 09 11:37:39 GMT-03:00 2026,POST,https://localhost:7194/api/ordens-servico/any%0D%0ASet-cookie%3A+Tamper%3D1328372c-a854-4343-b04e-776767b97a77/entregar,404,Not Found,20,99,0
8214,Tue Jun 09 11:37:39 GMT-03:00 2026,Tue Jun 09 11:37:39 GMT-03:00 2026,POST,https://localhost:7194/api/ordens-servico/any%3F%0D%0ASet-cookie%3A+Tamper%3Dbf5d4e8a-93c3-4a83-a9a3-d8d05c26127e/em-execucao,404,Not Found,49,99,0
8215,Tue Jun 09 11:37:39 GMT-03:00 2026,Tue Jun 09 11:37:39 GMT-03:00 2026,POST,https://localhost:7194/api/ordens-servico/any%0D%0ASet-cookie%3A+Tamper%3Df721db59-b838-4c6e-a958-980e3c58f312/em-diagnostico,404,Not Found,64,99,0
8216,Tue Jun 09 11:37:39 GMT-03:00 2026,Tue Jun 09 11:37:39 GMT-03:00 2026,POST,https://localhost:7194/api/ordens-servico/Set-cookie%3A+Tamper%3Dce0967f8-f192-4a3c-8761-4ffe078327d3/gerar-orcamento,404,Not Found,180,99,0
8217,Tue Jun 09 11:37:39 GMT-03:00 2026,Tue Jun 09 11:37:39 GMT-03:00 2026,DELETE,https://localhost:7194/api/ordens-servico/any%3F%0D%0ASet-cookie%3A+Tamper%3Db7293b78-4bbf-48e1-b167-8c4b785757cf,404,Not Found,108,99,0
8218,Tue Jun 09 11:37:39 GMT-03:00 2026,Tue Jun 09 11:37:39 GMT-03:00 2026,POST,https://localhost:7194/api/ordens-servico/any%3F%0D%0ASet-cookie%3A+Tamper%3D82a4aa8d-f1ae-49c7-aa79-76773b9c7558/aprovar-orcamento,404,Not Found,108,99,0
8219,Tue Jun 09 11:37:39 GMT-03:00 2026,Tue Jun 09 11:37:39 GMT-03:00 2026,POST,https://localhost:7194/api/ordens-servico/any%3F%0D%0ASet-cookie%3A+Tamper%3De0056e3c-a1fe-44f5-b830-5328d1b1eea6/enviar-orcamento,404,Not Found,115,99,0
8220,Tue Jun 09 11:37:39 GMT-03:00 2026,Tue Jun 09 11:37:39 GMT-03:00 2026,POST,https://localhost:7194/api/ordens-servico/any%0ASet-cookie%3A+Tamper%3Dbf5d4e8a-93c3-4a83-a9a3-d8d05c26127e/em-execucao,404,Not Found,65,99,0
8221,Tue Jun 09 11:37:39 GMT-03:00 2026,Tue Jun 09 11:37:39 GMT-03:00 2026,POST,https://localhost:7194/api/ordens-servico/any%3F%0D%0ASet-cookie%3A+Tamper%3D1328372c-a854-4343-b04e-776767b97a77/entregar,404,Not Found,110,99,0
8222,Tue Jun 09 11:37:39 GMT-03:00 2026,Tue Jun 09 11:37:39 GMT-03:00 2026,POST,https://localhost:7194/api/ordens-servico/any%0D%0ASet-cookie%3A+Tamper%3Dce0967f8-f192-4a3c-8761-4ffe078327d3/gerar-orcamento,404,Not Found,65,99,0
8223,Tue Jun 09 11:37:39 GMT-03:00 2026,Tue Jun 09 11:37:39 GMT-03:00 2026,PUT,https://localhost:7194/api/clientes,400,Bad Request,248,150,197
8224,Tue Jun 09 11:37:39 GMT-03:00 2026,Tue Jun 09 11:37:39 GMT-03:00 2026,DELETE,https://localhost:7194/api/insumos/any%3F%0D%0ASet-cookie%3A+Tamper%3D986bfb49-3a72-4270-80a2-dff1c886c69b,404,Not Found,133,99,0
8225,Tue Jun 09 11:37:39 GMT-03:00 2026,Tue Jun 09 11:37:39 GMT-03:00 2026,POST,https://localhost:7194/api/ordens-servico/Set-cookie%3A+Tamper%3D1b585857-e720-4863-9d6a-7e358004fa88/finalizar,404,Not Found,248,99,0
8226,Tue Jun 09 11:37:39 GMT-03:00 2026,Tue Jun 09 11:37:39 GMT-03:00 2026,POST,https://localhost:7194/api/ordens-servico/any%3F%0D%0ASet-cookie%3A+Tamper%3Df721db59-b838-4c6e-a958-980e3c58f312/em-diagnostico,404,Not Found,105,99,0
8227,Tue Jun 09 11:37:39 GMT-03:00 2026,Tue Jun 09 11:37:39 GMT-03:00 2026,DELETE,https://localhost:7194/api/ordens-servico/any%0ASet-cookie%3A+Tamper%3Db7293b78-4bbf-48e1-b167-8c4b785757cf,404,Not Found,40,99,0
8228,Tue Jun 09 11:37:39 GMT-03:00 2026,Tue Jun 09 11:37:39 GMT-03:00 2026,POST,https://localhost:7194/api/ordens-servico/any%3F%0ASet-cookie%3A+Tamper%3Dbf5d4e8a-93c3-4a83-a9a3-d8d05c26127e/em-execucao,404,Not Found,40,99,0
8229,Tue Jun 09 11:37:39 GMT-03:00 2026,Tue Jun 09 11:37:39 GMT-03:00 2026,POST,https://localhost:7194/api/ordens-servico/any%0ASet-cookie%3A+Tamper%3D82a4aa8d-f1ae-49c7-aa79-76773b9c7558/aprovar-orcamento,404,Not Found,40,99,0
8230,Tue Jun 09 11:37:39 GMT-03:00 2026,Tue Jun 09 11:37:39 GMT-03:00 2026,POST,https://localhost:7194/api/ordens-servico/any%0D%0ASet-cookie%3A+Tamper%3D1b585857-e720-4863-9d6a-7e358004fa88/finalizar,404,Not Found,79,99,0
8231,Tue Jun 09 11:37:39 GMT-03:00 2026,Tue Jun 09 11:37:39 GMT-03:00 2026,DELETE,https://localhost:7194/api/servicos/Set-cookie%3A+Tamper%3D8d4a08d7-2e31-432d-87d4-946e747e3496,404,Not Found,337,99,0
8232,Tue Jun 09 11:37:39 GMT-03:00 2026,Tue Jun 09 11:37:39 GMT-03:00 2026,POST,https://localhost:7194/api/ordens-servico/any%0ASet-cookie%3A+Tamper%3D1328372c-a854-4343-b04e-776767b97a77/entregar,404,Not Found,92,99,0
8233,Tue Jun 09 11:37:39 GMT-03:00 2026,Tue Jun 09 11:37:39 GMT-03:00 2026,DELETE,https://localhost:7194/api/insumos/any%0ASet-cookie%3A+Tamper%3D986bfb49-3a72-4270-80a2-dff1c886c69b,404,Not Found,89,99,0
8234,Tue Jun 09 11:37:39 GMT-03:00 2026,Tue Jun 09 11:37:39 GMT-03:00 2026,POST,https://localhost:7194/api/ordens-servico/any%0ASet-cookie%3A+Tamper%3De0056e3c-a1fe-44f5-b830-5328d1b1eea6/enviar-orcamento,404,Not Found,92,99,0
8235,Tue Jun 09 11:37:39 GMT-03:00 2026,Tue Jun 09 11:37:39 GMT-03:00 2026,POST,https://localhost:7194/api/ordens-servico/any%3F%0ASet-cookie%3A+Tamper%3D82a4aa8d-f1ae-49c7-aa79-76773b9c7558/aprovar-orcamento,404,Not Found,52,99,0
8236,Tue Jun 09 11:37:39 GMT-03:00 2026,Tue Jun 09 11:37:39 GMT-03:00 2026,POST,https://localhost:7194/api/ordens-servico/any%3F%0D%0ASet-cookie%3A+Tamper%3Dce0967f8-f192-4a3c-8761-4ffe078327d3/gerar-orcamento,404,Not Found,92,99,0
8237,Tue Jun 09 11:37:39 GMT-03:00 2026,Tue Jun 09 11:37:39 GMT-03:00 2026,DELETE,https://localhost:7194/api/clientes/any%0D%0ASet-cookie%3A+Tamper%3Ddf86dd0d-98d1-48dc-9043-5f821541db81,404,Not Found,338,99,0
8238,Tue Jun 09 11:37:39 GMT-03:00 2026,Tue Jun 09 11:37:39 GMT-03:00 2026,POST,https://localhost:7194/api/ordens-servico/any%0ASet-cookie%3A+Tamper%3Df721db59-b838-4c6e-a958-980e3c58f312/em-diagnostico,404,Not Found,60,99,0
8239,Tue Jun 09 11:37:39 GMT-03:00 2026,Tue Jun 09 11:37:39 GMT-03:00 2026,DELETE,https://localhost:7194/api/ordens-servico/any%3F%0ASet-cookie%3A+Tamper%3Db7293b78-4bbf-48e1-b167-8c4b785757cf,404,Not Found,60,99,0
8240,Tue Jun 09 11:37:39 GMT-03:00 2026,Tue Jun 09 11:37:39 GMT-03:00 2026,PUT,https://localhost:7194/api/ordens-servico,400,Bad Request,345,150,197
8241,Tue Jun 09 11:37:39 GMT-03:00 2026,Tue Jun 09 11:37:39 GMT-03:00 2026,DELETE,https://localhost:7194/api/servicos/any%0D%0ASet-cookie%3A+Tamper%3D8d4a08d7-2e31-432d-87d4-946e747e3496,404,Not Found,8,99,0
8242,Tue Jun 09 11:37:39 GMT-03:00 2026,Tue Jun 09 11:37:39 GMT-03:00 2026,POST,https://localhost:7194/api/ordens-servico/any%0D%0ASet-cookie%3A+Tamper%3D82a4aa8d-f1ae-49c7-aa79-76773b9c7558%0D%0A/aprovar-orcamento,404,Not Found,11,99,0
8243,Tue Jun 09 11:37:39 GMT-03:00 2026,Tue Jun 09 11:37:39 GMT-03:00 2026,POST,https://localhost:7194/api/ordens-servico/any%3F%0ASet-cookie%3A+Tamper%3D1328372c-a854-4343-b04e-776767b97a77/entregar,404,Not Found,12,99,0
8244,Tue Jun 09 11:37:39 GMT-03:00 2026,Tue Jun 09 11:37:39 GMT-03:00 2026,POST,https://localhost:7194/api/ordens-servico/any%3F%0ASet-cookie%3A+Tamper%3De0056e3c-a1fe-44f5-b830-5328d1b1eea6/enviar-orcamento,404,Not Found,11,99,0
8245,Tue Jun 09 11:37:39 GMT-03:00 2026,Tue Jun 09 11:37:39 GMT-03:00 2026,DELETE,https://localhost:7194/api/clientes/any%3F%0D%0ASet-cookie%3A+Tamper%3Ddf86dd0d-98d1-48dc-9043-5f821541db81,404,Not Found,11,99,0
8246,Tue Jun 09 11:37:39 GMT-03:00 2026,Tue Jun 09 11:37:39 GMT-03:00 2026,POST,https://localhost:7194/api/ordens-servico/any%0D%0ASet-cookie%3A+Tamper%3Dbf5d4e8a-93c3-4a83-a9a3-d8d05c26127e%0D%0A/em-execucao,404,Not Found,90,99,0
8247,Tue Jun 09 11:37:39 GMT-03:00 2026,Tue Jun 09 11:37:39 GMT-03:00 2026,DELETE,https://localhost:7194/api/ordens-servico/any%0D%0ASet-cookie%3A+Tamper%3Db7293b78-4bbf-48e1-b167-8c4b785757cf%0D%0A,404,Not Found,30,99,0
8248,Tue Jun 09 11:37:39 GMT-03:00 2026,Tue Jun 09 11:37:39 GMT-03:00 2026,DELETE,https://localhost:7194/api/insumos/any%3F%0ASet-cookie%3A+Tamper%3D986bfb49-3a72-4270-80a2-dff1c886c69b,404,Not Found,37,99,0
8249,Tue Jun 09 11:37:39 GMT-03:00 2026,Tue Jun 09 11:37:39 GMT-03:00 2026,POST,https://localhost:7194/api/ordens-servico/any%0ASet-cookie%3A+Tamper%3Dce0967f8-f192-4a3c-8761-4ffe078327d3/gerar-orcamento,404,Not Found,37,99,0
8250,Tue Jun 09 11:37:39 GMT-03:00 2026,Tue Jun 09 11:37:39 GMT-03:00 2026,POST,https://localhost:7194/api/ordens-servico/any%3F%0ASet-cookie%3A+Tamper%3Df721db59-b838-4c6e-a958-980e3c58f312/em-diagnostico,404,Not Found,34,99,0
8251,Tue Jun 09 11:37:39 GMT-03:00 2026,Tue Jun 09 11:37:39 GMT-03:00 2026,PUT,https://localhost:7194/api/insumos,400,Bad Request,382,150,197
8252,Tue Jun 09 11:37:39 GMT-03:00 2026,Tue Jun 09 11:37:39 GMT-03:00 2026,POST,https://localhost:7194/api/ordens-servico/any%3F%0D%0ASet-cookie%3A+Tamper%3D82a4aa8d-f1ae-49c7-aa79-76773b9c7558%0D%0A/aprovar-orcamento,404,Not Found,62,99,0
8253,Tue Jun 09 11:37:39 GMT-03:00 2026,Tue Jun 09 11:37:39 GMT-03:00 2026,DELETE,https://localhost:7194/api/servicos/any%3F%0D%0ASet-cookie%3A+Tamper%3D8d4a08d7-2e31-432d-87d4-946e747e3496,404,Not Found,66,99,0
8254,Tue Jun 09 11:37:39 GMT-03:00 2026,Tue Jun 09 11:37:39 GMT-03:00 2026,POST,https://localhost:7194/api/ordens-servico/any%3F%0D%0ASet-cookie%3A+Tamper%3D1b585857-e720-4863-9d6a-7e358004fa88/finalizar,404,Not Found,88,99,0
8255,Tue Jun 09 11:37:39 GMT-03:00 2026,Tue Jun 09 11:37:39 GMT-03:00 2026,DELETE,https://localhost:7194/api/ordens-servico/any%3F%0D%0ASet-cookie%3A+Tamper%3Db7293b78-4bbf-48e1-b167-8c4b785757cf%0D%0A,404,Not Found,40,99,0
8256,Tue Jun 09 11:37:39 GMT-03:00 2026,Tue Jun 09 11:37:39 GMT-03:00 2026,POST,https://localhost:7194/api/ordens-servico/any%3F%0D%0ASet-cookie%3A+Tamper%3Dbf5d4e8a-93c3-4a83-a9a3-d8d05c26127e%0D%0A/em-execucao,404,Not Found,40,99,0
8257,Tue Jun 09 11:37:39 GMT-03:00 2026,Tue Jun 09 11:37:39 GMT-03:00 2026,POST,https://localhost:7194/api/ordens-servico/any%3F%0ASet-cookie%3A+Tamper%3Dce0967f8-f192-4a3c-8761-4ffe078327d3/gerar-orcamento,404,Not Found,40,99,0
8258,Tue Jun 09 11:37:39 GMT-03:00 2026,Tue Jun 09 11:37:39 GMT-03:00 2026,POST,https://localhost:7194/api/ordens-servico/any%0D%0ASet-cookie%3A+Tamper%3D1328372c-a854-4343-b04e-776767b97a77%0D%0A/entregar,404,Not Found,72,99,0
8259,Tue Jun 09 11:37:39 GMT-03:00 2026,Tue Jun 09 11:37:39 GMT-03:00 2026,DELETE,https://localhost:7194/api/insumos/any%0D%0ASet-cookie%3A+Tamper%3D986bfb49-3a72-4270-80a2-dff1c886c69b%0D%0A,404,Not Found,46,99,0
8260,Tue Jun 09 11:37:39 GMT-03:00 2026,Tue Jun 09 11:37:39 GMT-03:00 2026,DELETE,https://localhost:7194/api/veiculos/Set-cookie%3A+Tamper%3D8772bba3-a650-49d0-8a89-e8319a676850,404,Not Found,427,99,0
8261,Tue Jun 09 11:37:39 GMT-03:00 2026,Tue Jun 09 11:37:40 GMT-03:00 2026,DELETE,https://localhost:7194/api/clientes/any%0ASet-cookie%3A+Tamper%3Ddf86dd0d-98d1-48dc-9043-5f821541db81,404,Not Found,87,99,0
8262,Tue Jun 09 11:37:39 GMT-03:00 2026,Tue Jun 09 11:37:40 GMT-03:00 2026,POST,https://localhost:7194/api/ordens-servico/any%0D%0ASet-cookie%3A+Tamper%3Dce0967f8-f192-4a3c-8761-4ffe078327d3%0D%0A/gerar-orcamento,404,Not Found,31,99,0
8263,Tue Jun 09 11:37:39 GMT-03:00 2026,Tue Jun 09 11:37:40 GMT-03:00 2026,POST,https://localhost:7194/api/ordens-servico/any%0D%0ASet-cookie%3A+Tamper%3De0056e3c-a1fe-44f5-b830-5328d1b1eea6%0D%0A/enviar-orcamento,404,Not Found,113,99,0
8264,Tue Jun 09 11:37:39 GMT-03:00 2026,Tue Jun 09 11:37:40 GMT-03:00 2026,DELETE,https://localhost:7194/api/servicos/any%0ASet-cookie%3A+Tamper%3D8d4a08d7-2e31-432d-87d4-946e747e3496,404,Not Found,60,99,0
8265,Tue Jun 09 11:37:40 GMT-03:00 2026,Tue Jun 09 11:37:40 GMT-03:00 2026,POST,https://localhost:7194/api/ordens-servico/any%3F%0D%0ASet-cookie%3A+Tamper%3Dce0967f8-f192-4a3c-8761-4ffe078327d3%0D%0A/gerar-orcamento,404,Not Found,25,99,0
8266,Tue Jun 09 11:37:39 GMT-03:00 2026,Tue Jun 09 11:37:40 GMT-03:00 2026,POST,https://localhost:7194/api/ordens-servico/any%0D%0ASet-cookie%3A+Tamper%3Df721db59-b838-4c6e-a958-980e3c58f312%0D%0A/em-diagnostico,404,Not Found,92,99,0
8267,Tue Jun 09 11:37:39 GMT-03:00 2026,Tue Jun 09 11:37:40 GMT-03:00 2026,POST,https://localhost:7194/api/ordens-servico/any%0ASet-cookie%3A+Tamper%3D1b585857-e720-4863-9d6a-7e358004fa88/finalizar,404,Not Found,56,99,0
8268,Tue Jun 09 11:37:39 GMT-03:00 2026,Tue Jun 09 11:37:40 GMT-03:00 2026,POST,https://localhost:7194/api/insumos,201,Created,475,229,180
8269,Tue Jun 09 11:37:39 GMT-03:00 2026,Tue Jun 09 11:37:40 GMT-03:00 2026,DELETE,https://localhost:7194/api/insumos/any%3F%0D%0ASet-cookie%3A+Tamper%3D986bfb49-3a72-4270-80a2-dff1c886c69b%0D%0A,404,Not Found,60,99,0
8270,Tue Jun 09 11:37:39 GMT-03:00 2026,Tue Jun 09 11:37:40 GMT-03:00 2026,POST,https://localhost:7194/api/ordens-servico/any%3F%0D%0ASet-cookie%3A+Tamper%3D1328372c-a854-4343-b04e-776767b97a77%0D%0A/entregar,404,Not Found,93,99,0
8271,Tue Jun 09 11:37:40 GMT-03:00 2026,Tue Jun 09 11:37:40 GMT-03:00 2026,DELETE,https://localhost:7194/api/servicos/any%3F%0ASet-cookie%3A+Tamper%3D8d4a08d7-2e31-432d-87d4-946e747e3496,404,Not Found,43,99,0
8272,Tue Jun 09 11:37:40 GMT-03:00 2026,Tue Jun 09 11:37:40 GMT-03:00 2026,POST,https://localhost:7194/api/ordens-servico/any%3F%0D%0ASet-cookie%3A+Tamper%3De0056e3c-a1fe-44f5-b830-5328d1b1eea6%0D%0A/enviar-orcamento,404,Not Found,52,99,0
8273,Tue Jun 09 11:37:40 GMT-03:00 2026,Tue Jun 09 11:37:40 GMT-03:00 2026,POST,https://localhost:7194/api/ordens-servico/any%3F%0ASet-cookie%3A+Tamper%3D1b585857-e720-4863-9d6a-7e358004fa88/finalizar,404,Not Found,42,99,0
8274,Tue Jun 09 11:37:39 GMT-03:00 2026,Tue Jun 09 11:37:40 GMT-03:00 2026,DELETE,https://localhost:7194/api/veiculos/any%0D%0ASet-cookie%3A+Tamper%3D8772bba3-a650-49d0-8a89-e8319a676850,404,Not Found,88,99,0
8275,Tue Jun 09 11:37:40 GMT-03:00 2026,Tue Jun 09 11:37:40 GMT-03:00 2026,POST,https://localhost:7194/api/ordens-servico/any%3F%0D%0ASet-cookie%3A+Tamper%3Df721db59-b838-4c6e-a958-980e3c58f312%0D%0A/em-diagnostico,404,Not Found,72,99,0
8276,Tue Jun 09 11:37:40 GMT-03:00 2026,Tue Jun 09 11:37:40 GMT-03:00 2026,DELETE,https://localhost:7194/api/clientes/any%3F%0ASet-cookie%3A+Tamper%3Ddf86dd0d-98d1-48dc-9043-5f821541db81,404,Not Found,141,99,0
8277,Tue Jun 09 11:37:40 GMT-03:00 2026,Tue Jun 09 11:37:40 GMT-03:00 2026,DELETE,https://localhost:7194/api/servicos/any%0D%0ASet-cookie%3A+Tamper%3D8d4a08d7-2e31-432d-87d4-946e747e3496%0D%0A,404,Not Found,63,99,0
8278,Tue Jun 09 11:37:39 GMT-03:00 2026,Tue Jun 09 11:37:40 GMT-03:00 2026,POST,https://localhost:7194/api/ordens-servico,400,Bad Request,579,150,204
8279,Tue Jun 09 11:37:40 GMT-03:00 2026,Tue Jun 09 11:37:40 GMT-03:00 2026,DELETE,https://localhost:7194/api/veiculos/any%3F%0D%0ASet-cookie%3A+Tamper%3D8772bba3-a650-49d0-8a89-e8319a676850,404,Not Found,70,99,0
8280,Tue Jun 09 11:37:40 GMT-03:00 2026,Tue Jun 09 11:37:40 GMT-03:00 2026,POST,https://localhost:7194/api/ordens-servico/any%0D%0ASet-cookie%3A+Tamper%3D1b585857-e720-4863-9d6a-7e358004fa88%0D%0A/finalizar,404,Not Found,70,99,0
8281,Tue Jun 09 11:37:39 GMT-03:00 2026,Tue Jun 09 11:37:40 GMT-03:00 2026,GET,https://localhost:7194,301,Moved Permanently,624,129,0
8282,Tue Jun 09 11:37:40 GMT-03:00 2026,Tue Jun 09 11:37:40 GMT-03:00 2026,DELETE,https://localhost:7194/api/servicos/any%3F%0D%0ASet-cookie%3A+Tamper%3D8d4a08d7-2e31-432d-87d4-946e747e3496%0D%0A,404,Not Found,61,99,0
8283,Tue Jun 09 11:37:40 GMT-03:00 2026,Tue Jun 09 11:37:40 GMT-03:00 2026,DELETE,https://localhost:7194/api/clientes/any%0D%0ASet-cookie%3A+Tamper%3Ddf86dd0d-98d1-48dc-9043-5f821541db81%0D%0A,404,Not Found,155,99,0
8284,Tue Jun 09 11:37:40 GMT-03:00 2026,Tue Jun 09 11:37:40 GMT-03:00 2026,POST,https://localhost:7194/api/ordens-servico/any%3F%0D%0ASet-cookie%3A+Tamper%3D1b585857-e720-4863-9d6a-7e358004fa88%0D%0A/finalizar,404,Not Found,146,99,0
8285,Tue Jun 09 11:37:40 GMT-03:00 2026,Tue Jun 09 11:37:40 GMT-03:00 2026,GET,https://localhost:7194/api,404,Not Found,107,99,0
8286,Tue Jun 09 11:37:40 GMT-03:00 2026,Tue Jun 09 11:37:40 GMT-03:00 2026,DELETE,https://localhost:7194/api/veiculos/any%0ASet-cookie%3A+Tamper%3D8772bba3-a650-49d0-8a89-e8319a676850,404,Not Found,157,99,0
8287,Tue Jun 09 11:37:39 GMT-03:00 2026,Tue Jun 09 11:37:40 GMT-03:00 2026,POST,https://localhost:7194/api/servicos,400,Bad Request,742,150,220
8288,Tue Jun 09 11:37:40 GMT-03:00 2026,Tue Jun 09 11:37:40 GMT-03:00 2026,DELETE,https://localhost:7194/api/clientes/any%3F%0D%0ASet-cookie%3A+Tamper%3Ddf86dd0d-98d1-48dc-9043-5f821541db81%0D%0A,404,Not Found,108,99,0
8289,Tue Jun 09 11:37:40 GMT-03:00 2026,Tue Jun 09 11:37:40 GMT-03:00 2026,GET,https://localhost:7194/api/insumos/Set-cookie%3A+Tamper%3D59b9a4a1-8d54-45df-a8f9-00079f410de3,404,Not Found,104,99,0
8290,Tue Jun 09 11:37:40 GMT-03:00 2026,Tue Jun 09 11:37:40 GMT-03:00 2026,GET,https://localhost:7194/api/clientes/Set-cookie%3A+Tamper%3Dcb52d878-6976-4b17-af79-03efe467c411,404,Not Found,107,99,0
8291,Tue Jun 09 11:37:40 GMT-03:00 2026,Tue Jun 09 11:37:40 GMT-03:00 2026,GET,https://localhost:7194/api/ordens-servico/cliente,404,Not Found,107,99,0
8292,Tue Jun 09 11:37:39 GMT-03:00 2026,Tue Jun 09 11:37:40 GMT-03:00 2026,PUT,https://localhost:7194/api/servicos,400,Bad Request,872,150,197
8293,Tue Jun 09 11:37:40 GMT-03:00 2026,Tue Jun 09 11:37:40 GMT-03:00 2026,GET,https://localhost:7194/api/servicos/Set-cookie%3A+Tamper%3D0795c8e4-7ca0-4652-827e-f0f42845b3a7,404,Not Found,55,99,0
8294,Tue Jun 09 11:37:40 GMT-03:00 2026,Tue Jun 09 11:37:40 GMT-03:00 2026,GET,https://localhost:7194/api/ordens-servico/Set-cookie%3A+Tamper%3D9347226e-4241-48d1-bcb7-af5d4d2b67dc,404,Not Found,55,99,0
8295,Tue Jun 09 11:37:40 GMT-03:00 2026,Tue Jun 09 11:37:40 GMT-03:00 2026,GET,https://localhost:7194/api/ordens-servico/cliente/Set-cookie%3A+Tamper%3D61cc0295-f80b-4492-b5b5-f1e125089961,404,Not Found,71,99,0
8296,Tue Jun 09 11:37:40 GMT-03:00 2026,Tue Jun 09 11:37:40 GMT-03:00 2026,DELETE,https://localhost:7194/api/veiculos/any%3F%0ASet-cookie%3A+Tamper%3D8772bba3-a650-49d0-8a89-e8319a676850,404,Not Found,171,99,0
8297,Tue Jun 09 11:37:40 GMT-03:00 2026,Tue Jun 09 11:37:40 GMT-03:00 2026,POST,https://localhost:7194/api/insumos,201,Created,441,229,187
8298,Tue Jun 09 11:37:40 GMT-03:00 2026,Tue Jun 09 11:37:40 GMT-03:00 2026,GET,https://localhost:7194/api/clientes/any%0D%0ASet-cookie%3A+Tamper%3Dcb52d878-6976-4b17-af79-03efe467c411,404,Not Found,71,99,0
8299,Tue Jun 09 11:37:40 GMT-03:00 2026,Tue Jun 09 11:37:40 GMT-03:00 2026,GET,https://localhost:7194/api/ordens-servico/Set-cookie%3A+Tamper%3D3db2ddcc-d878-477d-923f-13255f94ff84,404,Not Found,105,99,0
8300,Tue Jun 09 11:37:40 GMT-03:00 2026,Tue Jun 09 11:37:40 GMT-03:00 2026,DELETE,https://localhost:7194/api/veiculos/any%0D%0ASet-cookie%3A+Tamper%3D8772bba3-a650-49d0-8a89-e8319a676850%0D%0A,404,Not Found,87,99,0
8301,Tue Jun 09 11:37:40 GMT-03:00 2026,Tue Jun 09 11:37:40 GMT-03:00 2026,GET,https://localhost:7194/api/ordens-servico/cliente/any%0D%0ASet-cookie%3A+Tamper%3D61cc0295-f80b-4492-b5b5-f1e125089961,404,Not Found,87,99,0
8302,Tue Jun 09 11:37:40 GMT-03:00 2026,Tue Jun 09 11:37:40 GMT-03:00 2026,GET,https://localhost:7194/api/ordens-servico/any%0D%0ASet-cookie%3A+Tamper%3D9347226e-4241-48d1-bcb7-af5d4d2b67dc,404,Not Found,151,99,0
8303,Tue Jun 09 11:37:40 GMT-03:00 2026,Tue Jun 09 11:37:40 GMT-03:00 2026,GET,https://localhost:7194/api/clientes/any%3F%0D%0ASet-cookie%3A+Tamper%3Dcb52d878-6976-4b17-af79-03efe467c411,404,Not Found,135,99,0
8304,Tue Jun 09 11:37:40 GMT-03:00 2026,Tue Jun 09 11:37:40 GMT-03:00 2026,GET,https://localhost:7194/api/ordens-servico/Set-cookie%3A+Tamper%3D9d2088e8-8e89-4665-bd13-8d0936c9d377/acompanhamento,404,Not Found,220,99,0
8305,Tue Jun 09 11:37:40 GMT-03:00 2026,Tue Jun 09 11:37:40 GMT-03:00 2026,GET,https://localhost:7194/api/servicos/any%0D%0ASet-cookie%3A+Tamper%3D0795c8e4-7ca0-4652-827e-f0f42845b3a7,404,Not Found,165,99,0
8306,Tue Jun 09 11:37:40 GMT-03:00 2026,Tue Jun 09 11:37:40 GMT-03:00 2026,POST,https://localhost:7194/api/ordens-servico,400,Bad Request,493,150,204
8307,Tue Jun 09 11:37:40 GMT-03:00 2026,Tue Jun 09 11:37:40 GMT-03:00 2026,DELETE,https://localhost:7194/api/veiculos/any%3F%0D%0ASet-cookie%3A+Tamper%3D8772bba3-a650-49d0-8a89-e8319a676850%0D%0A,404,Not Found,124,99,0
8308,Tue Jun 09 11:37:39 GMT-03:00 2026,Tue Jun 09 11:37:40 GMT-03:00 2026,POST,https://localhost:7194/api/veiculos,400,Bad Request,1122,150,205
8309,Tue Jun 09 11:37:40 GMT-03:00 2026,Tue Jun 09 11:37:40 GMT-03:00 2026,GET,https://localhost:7194/api/ordens-servico/cliente/any%3F%0D%0ASet-cookie%3A+Tamper%3D61cc0295-f80b-4492-b5b5-f1e125089961,404,Not Found,121,99,0
8310,Tue Jun 09 11:37:40 GMT-03:00 2026,Tue Jun 09 11:37:40 GMT-03:00 2026,GET,https://localhost:7194/api/insumos/any%0D%0ASet-cookie%3A+Tamper%3D59b9a4a1-8d54-45df-a8f9-00079f410de3,404,Not Found,285,99,0
8311,Tue Jun 09 11:37:40 GMT-03:00 2026,Tue Jun 09 11:37:40 GMT-03:00 2026,GET,https://localhost:7194/api/clientes/any%0ASet-cookie%3A+Tamper%3Dcb52d878-6976-4b17-af79-03efe467c411,404,Not Found,78,99,0
8312,Tue Jun 09 11:37:39 GMT-03:00 2026,Tue Jun 09 11:37:40 GMT-03:00 2026,PUT,https://localhost:7194/api/veiculos,400,Bad Request,1123,150,197
8313,Tue Jun 09 11:37:40 GMT-03:00 2026,Tue Jun 09 11:37:40 GMT-03:00 2026,GET,https://localhost:7194/api/ordens-servico/any%3F%0D%0ASet-cookie%3A+Tamper%3D9347226e-4241-48d1-bcb7-af5d4d2b67dc,404,Not Found,110,99,0
8314,Tue Jun 09 11:37:39 GMT-03:00 2026,Tue Jun 09 11:37:40 GMT-03:00 2026,POST,https://localhost:7194/api/clientes,400,Bad Request,1076,149,74
8315,Tue Jun 09 11:37:40 GMT-03:00 2026,Tue Jun 09 11:37:40 GMT-03:00 2026,GET,https://localhost:7194/api/servicos/any%3F%0D%0ASet-cookie%3A+Tamper%3D0795c8e4-7ca0-4652-827e-f0f42845b3a7,404,Not Found,130,99,0
8316,Tue Jun 09 11:37:40 GMT-03:00 2026,Tue Jun 09 11:37:40 GMT-03:00 2026,GET,https://localhost:7194/api/ordens-servico/any%0D%0ASet-cookie%3A+Tamper%3D3db2ddcc-d878-477d-923f-13255f94ff84,404,Not Found,284,99,0
8317,Tue Jun 09 11:37:40 GMT-03:00 2026,Tue Jun 09 11:37:40 GMT-03:00 2026,GET,https://localhost:7194/api/insumos/any%3F%0D%0ASet-cookie%3A+Tamper%3D59b9a4a1-8d54-45df-a8f9-00079f410de3,404,Not Found,156,99,0
8318,Tue Jun 09 11:37:40 GMT-03:00 2026,Tue Jun 09 11:37:40 GMT-03:00 2026,POST,https://localhost:7194/api/servicos,400,Bad Request,549,150,220
8319,Tue Jun 09 11:37:39 GMT-03:00 2026,Tue Jun 09 11:37:40 GMT-03:00 2026,PUT,https://localhost:7194/api/clientes,400,Bad Request,1054,150,197
8320,Tue Jun 09 11:37:40 GMT-03:00 2026,Tue Jun 09 11:37:40 GMT-03:00 2026,GET,https://localhost:7194/api/ordens-servico/any%0ASet-cookie%3A+Tamper%3D9347226e-4241-48d1-bcb7-af5d4d2b67dc,404,Not Found,143,99,0
8321,Tue Jun 09 11:37:40 GMT-03:00 2026,Tue Jun 09 11:37:40 GMT-03:00 2026,GET,https://localhost:7194/api/ordens-servico/cliente/any%0ASet-cookie%3A+Tamper%3D61cc0295-f80b-4492-b5b5-f1e125089961,404,Not Found,175,99,0
8322,Tue Jun 09 11:37:40 GMT-03:00 2026,Tue Jun 09 11:37:40 GMT-03:00 2026,PUT,https://localhost:7194/api/servicos,400,Bad Request,428,150,197
8323,Tue Jun 09 11:37:40 GMT-03:00 2026,Tue Jun 09 11:37:40 GMT-03:00 2026,GET,https://localhost:7194/api/ordens-servico/any%0D%0ASet-cookie%3A+Tamper%3D9d2088e8-8e89-4665-bd13-8d0936c9d377/acompanhamento,404,Not Found,245,99,0
8324,Tue Jun 09 11:37:40 GMT-03:00 2026,Tue Jun 09 11:37:41 GMT-03:00 2026,GET,https://localhost:7194/api/servicos/any%0ASet-cookie%3A+Tamper%3D0795c8e4-7ca0-4652-827e-f0f42845b3a7,404,Not Found,242,99,0
8325,Tue Jun 09 11:37:40 GMT-03:00 2026,Tue Jun 09 11:37:41 GMT-03:00 2026,GET,https://localhost:7194/api/ordens-servico/any%3F%0D%0ASet-cookie%3A+Tamper%3D3db2ddcc-d878-477d-923f-13255f94ff84,404,Not Found,203,99,0
8326,Tue Jun 09 11:37:40 GMT-03:00 2026,Tue Jun 09 11:37:41 GMT-03:00 2026,GET,https://localhost:7194/api/insumos/any%0ASet-cookie%3A+Tamper%3D59b9a4a1-8d54-45df-a8f9-00079f410de3,404,Not Found,153,99,0
8327,Tue Jun 09 11:37:40 GMT-03:00 2026,Tue Jun 09 11:37:41 GMT-03:00 2026,GET,https://localhost:7194/api/ordens-servico/cliente/any%3F%0ASet-cookie%3A+Tamper%3D61cc0295-f80b-4492-b5b5-f1e125089961,404,Not Found,138,99,0
8328,Tue Jun 09 11:37:40 GMT-03:00 2026,Tue Jun 09 11:37:41 GMT-03:00 2026,GET,https://localhost:7194/api/ordens-servico/any%3F%0D%0ASet-cookie%3A+Tamper%3D9d2088e8-8e89-4665-bd13-8d0936c9d377/acompanhamento,404,Not Found,132,99,0
8329,Tue Jun 09 11:37:40 GMT-03:00 2026,Tue Jun 09 11:37:41 GMT-03:00 2026,GET,https://localhost:7194/api/veiculos,200,OK,597,142,5536
8330,Tue Jun 09 11:37:40 GMT-03:00 2026,Tue Jun 09 11:37:41 GMT-03:00 2026,GET,https://localhost:7194/api/clientes/any%3F%0ASet-cookie%3A+Tamper%3Dcb52d878-6976-4b17-af79-03efe467c411,404,Not Found,329,99,0
8331,Tue Jun 09 11:37:41 GMT-03:00 2026,Tue Jun 09 11:37:41 GMT-03:00 2026,GET,https://localhost:7194/api/ordens-servico/any%0ASet-cookie%3A+Tamper%3D3db2ddcc-d878-477d-923f-13255f94ff84,404,Not Found,24,99,0
8332,Tue Jun 09 11:37:41 GMT-03:00 2026,Tue Jun 09 11:37:41 GMT-03:00 2026,GET,https://localhost:7194/api/ordens-servico/any%0ASet-cookie%3A+Tamper%3D9d2088e8-8e89-4665-bd13-8d0936c9d377/acompanhamento,404,Not Found,19,99,0
8333,Tue Jun 09 11:37:41 GMT-03:00 2026,Tue Jun 09 11:37:41 GMT-03:00 2026,GET,https://localhost:7194/api/insumos/any%3F%0ASet-cookie%3A+Tamper%3D59b9a4a1-8d54-45df-a8f9-00079f410de3,404,Not Found,178,99,0
8334,Tue Jun 09 11:37:41 GMT-03:00 2026,Tue Jun 09 11:37:41 GMT-03:00 2026,GET,https://localhost:7194/api/ordens-servico/any%3F%0ASet-cookie%3A+Tamper%3D9d2088e8-8e89-4665-bd13-8d0936c9d377/acompanhamento,404,Not Found,154,99,0
8335,Tue Jun 09 11:37:41 GMT-03:00 2026,Tue Jun 09 11:37:41 GMT-03:00 2026,GET,https://localhost:7194/api/servicos/any%3F%0ASet-cookie%3A+Tamper%3D0795c8e4-7ca0-4652-827e-f0f42845b3a7,404,Not Found,179,99,0
8336,Tue Jun 09 11:37:41 GMT-03:00 2026,Tue Jun 09 11:37:41 GMT-03:00 2026,GET,https://localhost:7194/api/ordens-servico/any%3F%0ASet-cookie%3A+Tamper%3D3db2ddcc-d878-477d-923f-13255f94ff84,404,Not Found,160,99,0
8337,Tue Jun 09 11:37:41 GMT-03:00 2026,Tue Jun 09 11:37:41 GMT-03:00 2026,GET,https://localhost:7194/api/ordens-servico/cliente/any%0D%0ASet-cookie%3A+Tamper%3D61cc0295-f80b-4492-b5b5-f1e125089961%0D%0A,404,Not Found,180,99,0
8338,Tue Jun 09 11:37:39 GMT-03:00 2026,Tue Jun 09 11:37:41 GMT-03:00 2026,PUT,https://localhost:7194/api/ordens-servico,400,Bad Request,1275,150,197
8339,Tue Jun 09 11:37:40 GMT-03:00 2026,Tue Jun 09 11:37:41 GMT-03:00 2026,POST,https://localhost:7194/api/veiculos,400,Bad Request,495,150,205
8340,Tue Jun 09 11:37:40 GMT-03:00 2026,Tue Jun 09 11:37:41 GMT-03:00 2026,PUT,https://localhost:7194/api/veiculos,400,Bad Request,494,150,197
8341,Tue Jun 09 11:37:41 GMT-03:00 2026,Tue Jun 09 11:37:41 GMT-03:00 2026,GET,https://localhost:7194/api/clientes/any%0D%0ASet-cookie%3A+Tamper%3Dcb52d878-6976-4b17-af79-03efe467c411%0D%0A,404,Not Found,170,99,0
8342,Tue Jun 09 11:37:41 GMT-03:00 2026,Tue Jun 09 11:37:41 GMT-03:00 2026,GET,https://localhost:7194/api/servicos/any%0D%0ASet-cookie%3A+Tamper%3D0795c8e4-7ca0-4652-827e-f0f42845b3a7%0D%0A,404,Not Found,22,99,0
8343,Tue Jun 09 11:37:41 GMT-03:00 2026,Tue Jun 09 11:37:41 GMT-03:00 2026,GET,https://localhost:7194/api/servicos/any%3F%0D%0ASet-cookie%3A+Tamper%3D0795c8e4-7ca0-4652-827e-f0f42845b3a7%0D%0A,404,Not Found,85,99,0
8344,Tue Jun 09 11:37:41 GMT-03:00 2026,Tue Jun 09 11:37:41 GMT-03:00 2026,GET,https://localhost:7194/api/ordens-servico/cliente/any%3F%0D%0ASet-cookie%3A+Tamper%3D61cc0295-f80b-4492-b5b5-f1e125089961%0D%0A,404,Not Found,102,99,0
8345,Tue Jun 09 11:37:41 GMT-03:00 2026,Tue Jun 09 11:37:41 GMT-03:00 2026,GET,https://localhost:7194/api/ordens-servico/any%0D%0ASet-cookie%3A+Tamper%3D3db2ddcc-d878-477d-923f-13255f94ff84%0D%0A,404,Not Found,102,99,0
8346,Tue Jun 09 11:37:41 GMT-03:00 2026,Tue Jun 09 11:37:41 GMT-03:00 2026,GET,https://localhost:7194/api/insumos/any%0D%0ASet-cookie%3A+Tamper%3D59b9a4a1-8d54-45df-a8f9-00079f410de3%0D%0A,404,Not Found,108,99,0
8347,Tue Jun 09 11:37:39 GMT-03:00 2026,Tue Jun 09 11:37:41 GMT-03:00 2026,PUT,https://localhost:7194/api/insumos,400,Bad Request,1342,150,197
8348,Tue Jun 09 11:37:41 GMT-03:00 2026,Tue Jun 09 11:37:41 GMT-03:00 2026,GET,https://localhost:7194/api/ordens-servico/any%3F%0D%0ASet-cookie%3A+Tamper%3D3db2ddcc-d878-477d-923f-13255f94ff84%0D%0A,404,Not Found,12,99,0
8349,Tue Jun 09 11:37:40 GMT-03:00 2026,Tue Jun 09 11:37:41 GMT-03:00 2026,POST,https://localhost:7194/api/ordens-servico,400,Bad Request,660,150,204
8350,Tue Jun 09 11:37:40 GMT-03:00 2026,Tue Jun 09 11:37:41 GMT-03:00 2026,PUT,https://localhost:7194/api/clientes,400,Bad Request,438,150,197
8351,Tue Jun 09 11:37:40 GMT-03:00 2026,Tue Jun 09 11:37:41 GMT-03:00 2026,GET,https://localhost:7194/api/ordens-servico/any%3F%0ASet-cookie%3A+Tamper%3D9347226e-4241-48d1-bcb7-af5d4d2b67dc,404,Not Found,438,99,0
8352,Tue Jun 09 11:37:41 GMT-03:00 2026,Tue Jun 09 11:37:41 GMT-03:00 2026,GET,https://localhost:7194/api/ordens-servico/any%0D%0ASet-cookie%3A+Tamper%3D9d2088e8-8e89-4665-bd13-8d0936c9d377%0D%0A/acompanhamento,404,Not Found,126,99,0
8353,Tue Jun 09 11:37:40 GMT-03:00 2026,Tue Jun 09 11:37:41 GMT-03:00 2026,POST,https://localhost:7194/api/clientes,400,Bad Request,558,149,74
8354,Tue Jun 09 11:37:41 GMT-03:00 2026,Tue Jun 09 11:37:41 GMT-03:00 2026,GET,https://localhost:7194/api/ordens-servico/any%3F%0D%0ASet-cookie%3A+Tamper%3D9d2088e8-8e89-4665-bd13-8d0936c9d377%0D%0A/acompanhamento,404,Not Found,9,99,0
8355,Tue Jun 09 11:37:40 GMT-03:00 2026,Tue Jun 09 11:37:41 GMT-03:00 2026,POST,https://localhost:7194/api/insumos,201,Created,836,229,188
8356,Tue Jun 09 11:37:41 GMT-03:00 2026,Tue Jun 09 11:37:41 GMT-03:00 2026,GET,https://localhost:7194/api/clientes/any%3F%0D%0ASet-cookie%3A+Tamper%3Dcb52d878-6976-4b17-af79-03efe467c411%0D%0A,404,Not Found,132,99,0
8357,Tue Jun 09 11:37:41 GMT-03:00 2026,Tue Jun 09 11:37:41 GMT-03:00 2026,GET,https://localhost:7194/api/insumos/any%3F%0D%0ASet-cookie%3A+Tamper%3D59b9a4a1-8d54-45df-a8f9-00079f410de3%0D%0A,404,Not Found,36,99,0
8358,Tue Jun 09 11:37:41 GMT-03:00 2026,Tue Jun 09 11:37:41 GMT-03:00 2026,GET,https://localhost:7194/api/ordens-servico/any%0D%0ASet-cookie%3A+Tamper%3D9347226e-4241-48d1-bcb7-af5d4d2b67dc%0D%0A,404,Not Found,17,99,0
8359,Tue Jun 09 11:37:41 GMT-03:00 2026,Tue Jun 09 11:37:41 GMT-03:00 2026,GET,https://localhost:7194/api/ordens-servico/any%3F%0D%0ASet-cookie%3A+Tamper%3D9347226e-4241-48d1-bcb7-af5d4d2b67dc%0D%0A,404,Not Found,143,99,0
8360,Tue Jun 09 11:37:40 GMT-03:00 2026,Tue Jun 09 11:37:41 GMT-03:00 2026,POST,https://localhost:7194/api/servicos,400,Bad Request,664,150,220
8361,Tue Jun 09 11:37:41 GMT-03:00 2026,Tue Jun 09 11:37:41 GMT-03:00 2026,GET,https://localhost:7194/swagger,404,Not Found,614,99,0
8362,Tue Jun 09 11:37:41 GMT-03:00 2026,Tue Jun 09 11:37:41 GMT-03:00 2026,PUT,https://localhost:7194/api/clientes,400,Bad Request,323,150,197
8363,Tue Jun 09 11:37:41 GMT-03:00 2026,Tue Jun 09 11:37:41 GMT-03:00 2026,GET,https://localhost:7194/api/veiculos?clienteId=Set-cookie%3A+Tamper%3Dd0b34234-1bf4-462b-b558-7a3c38dabed9,400,Bad Request,621,150,190
8364,Tue Jun 09 11:37:41 GMT-03:00 2026,Tue Jun 09 11:37:41 GMT-03:00 2026,PUT,https://localhost:7194/api/insumos,400,Bad Request,341,150,197
8365,Tue Jun 09 11:37:41 GMT-03:00 2026,Tue Jun 09 11:37:41 GMT-03:00 2026,POST,https://localhost:7194/api/ordens-servico,400,Bad Request,339,150,204
8366,Tue Jun 09 11:37:41 GMT-03:00 2026,Tue Jun 09 11:37:41 GMT-03:00 2026,GET,https://localhost:7194/api/veiculos/Set-cookie%3A+Tamper%3D00c38094-3230-4f3f-99f0-6ee0f9c87956,404,Not Found,640,99,0
8367,Tue Jun 09 11:37:40 GMT-03:00 2026,Tue Jun 09 11:37:41 GMT-03:00 2026,PUT,https://localhost:7194/api/servicos,400,Bad Request,813,150,197
8368,Tue Jun 09 11:37:41 GMT-03:00 2026,Tue Jun 09 11:37:41 GMT-03:00 2026,GET,https://localhost:7194/api/veiculos/any%0D%0ASet-cookie%3A+Tamper%3D00c38094-3230-4f3f-99f0-6ee0f9c87956,404,Not Found,116,99,0
8369,Tue Jun 09 11:37:41 GMT-03:00 2026,Tue Jun 09 11:37:41 GMT-03:00 2026,GET,https://localhost:7194/api/veiculos?clienteId=any%0D%0ASet-cookie%3A+Tamper%3Dd0b34234-1bf4-462b-b558-7a3c38dabed9,400,Bad Request,220,150,204
8370,Tue Jun 09 11:37:41 GMT-03:00 2026,Tue Jun 09 11:37:41 GMT-03:00 2026,GET,https://localhost:7194/api/veiculos/any%3F%0D%0ASet-cookie%3A+Tamper%3D00c38094-3230-4f3f-99f0-6ee0f9c87956,404,Not Found,159,99,0
8371,Tue Jun 09 11:37:41 GMT-03:00 2026,Tue Jun 09 11:37:41 GMT-03:00 2026,GET,https://localhost:7194/api/veiculos/any%0ASet-cookie%3A+Tamper%3D00c38094-3230-4f3f-99f0-6ee0f9c87956,404,Not Found,52,99,0
8372,Tue Jun 09 11:37:41 GMT-03:00 2026,Tue Jun 09 11:37:42 GMT-03:00 2026,POST,https://localhost:7194/api/insumos,201,Created,744,229,185
8373,Tue Jun 09 11:37:41 GMT-03:00 2026,Tue Jun 09 11:37:42 GMT-03:00 2026,PUT,https://localhost:7194/api/ordens-servico,400,Bad Request,887,150,197
8374,Tue Jun 09 11:37:41 GMT-03:00 2026,Tue Jun 09 11:37:42 GMT-03:00 2026,POST,https://localhost:7194/api/servicos,400,Bad Request,555,150,220
8375,Tue Jun 09 11:37:41 GMT-03:00 2026,Tue Jun 09 11:37:42 GMT-03:00 2026,GET,https://localhost:7194/api/veiculos/any%3F%0ASet-cookie%3A+Tamper%3D00c38094-3230-4f3f-99f0-6ee0f9c87956,404,Not Found,155,99,0
8376,Tue Jun 09 11:37:41 GMT-03:00 2026,Tue Jun 09 11:37:42 GMT-03:00 2026,PUT,https://localhost:7194/api/veiculos,400,Bad Request,989,150,197
8377,Tue Jun 09 11:37:42 GMT-03:00 2026,Tue Jun 09 11:37:42 GMT-03:00 2026,GET,https://localhost:7194/api/veiculos/any%0D%0ASet-cookie%3A+Tamper%3D00c38094-3230-4f3f-99f0-6ee0f9c87956%0D%0A,404,Not Found,52,99,0
8378,Tue Jun 09 11:37:41 GMT-03:00 2026,Tue Jun 09 11:37:42 GMT-03:00 2026,POST,https://localhost:7194/api/clientes,400,Bad Request,924,149,74
8379,Tue Jun 09 11:37:41 GMT-03:00 2026,Tue Jun 09 11:37:42 GMT-03:00 2026,PUT,https://localhost:7194/api/insumos,400,Bad Request,611,150,197
8380,Tue Jun 09 11:37:42 GMT-03:00 2026,Tue Jun 09 11:37:42 GMT-03:00 2026,GET,https://localhost:7194/api/veiculos/any%3F%0D%0ASet-cookie%3A+Tamper%3D00c38094-3230-4f3f-99f0-6ee0f9c87956%0D%0A,404,Not Found,72,99,0
8381,Tue Jun 09 11:37:41 GMT-03:00 2026,Tue Jun 09 11:37:42 GMT-03:00 2026,PUT,https://localhost:7194/api/clientes,400,Bad Request,625,150,197
8382,Tue Jun 09 11:37:41 GMT-03:00 2026,Tue Jun 09 11:37:42 GMT-03:00 2026,POST,https://localhost:7194/api/veiculos,400,Bad Request,1067,150,205
8383,Tue Jun 09 11:37:41 GMT-03:00 2026,Tue Jun 09 11:37:42 GMT-03:00 2026,POST,https://localhost:7194/api/ordens-servico,400,Bad Request,689,150,204
8384,Tue Jun 09 11:37:41 GMT-03:00 2026,Tue Jun 09 11:37:42 GMT-03:00 2026,GET,https://localhost:7194/api/veiculos?clienteId=any%3F%0D%0ASet-cookie%3A+Tamper%3Dd0b34234-1bf4-462b-b558-7a3c38dabed9,400,Bad Request,511,150,206
8385,Tue Jun 09 11:37:41 GMT-03:00 2026,Tue Jun 09 11:37:42 GMT-03:00 2026,PUT,https://localhost:7194/api/servicos,400,Bad Request,1016,150,197
8386,Tue Jun 09 11:37:42 GMT-03:00 2026,Tue Jun 09 11:37:42 GMT-03:00 2026,PUT,https://localhost:7194/api/clientes,400,Bad Request,451,150,197
8387,Tue Jun 09 11:37:42 GMT-03:00 2026,Tue Jun 09 11:37:42 GMT-03:00 2026,POST,https://localhost:7194/api/clientes,400,Bad Request,552,149,74
8388,Tue Jun 09 11:37:42 GMT-03:00 2026,Tue Jun 09 11:37:42 GMT-03:00 2026,POST,https://localhost:7194/api/servicos,400,Bad Request,714,150,220
8389,Tue Jun 09 11:37:42 GMT-03:00 2026,Tue Jun 09 11:37:42 GMT-03:00 2026,PUT,https://localhost:7194/api/veiculos,400,Bad Request,762,150,197
8390,Tue Jun 09 11:37:42 GMT-03:00 2026,Tue Jun 09 11:37:42 GMT-03:00 2026,PUT,https://localhost:7194/api/ordens-servico,400,Bad Request,872,150,197
8391,Tue Jun 09 11:37:42 GMT-03:00 2026,Tue Jun 09 11:37:42 GMT-03:00 2026,GET,https://localhost:7194/api/veiculos?clienteId=any%0ASet-cookie%3A+Tamper%3Dd0b34234-1bf4-462b-b558-7a3c38dabed9,400,Bad Request,604,150,200
8392,Tue Jun 09 11:37:42 GMT-03:00 2026,Tue Jun 09 11:37:42 GMT-03:00 2026,POST,https://localhost:7194/api/insumos,201,Created,933,229,186
8393,Tue Jun 09 11:37:42 GMT-03:00 2026,Tue Jun 09 11:37:43 GMT-03:00 2026,POST,https://localhost:7194/api/veiculos,400,Bad Request,837,150,205
8394,Tue Jun 09 11:37:42 GMT-03:00 2026,Tue Jun 09 11:37:43 GMT-03:00 2026,POST,https://localhost:7194/api/clientes,400,Bad Request,460,149,74
8395,Tue Jun 09 11:37:42 GMT-03:00 2026,Tue Jun 09 11:37:43 GMT-03:00 2026,PUT,https://localhost:7194/api/insumos,400,Bad Request,1019,150,197
8396,Tue Jun 09 11:37:42 GMT-03:00 2026,Tue Jun 09 11:37:43 GMT-03:00 2026,PUT,https://localhost:7194/api/servicos,400,Bad Request,570,150,197
8397,Tue Jun 09 11:37:42 GMT-03:00 2026,Tue Jun 09 11:37:43 GMT-03:00 2026,POST,https://localhost:7194/api/ordens-servico,400,Bad Request,979,150,204
8398,Tue Jun 09 11:37:42 GMT-03:00 2026,Tue Jun 09 11:37:43 GMT-03:00 2026,PUT,https://localhost:7194/api/clientes,400,Bad Request,642,150,197
8399,Tue Jun 09 11:37:42 GMT-03:00 2026,Tue Jun 09 11:37:43 GMT-03:00 2026,POST,https://localhost:7194/api/servicos,400,Bad Request,684,150,220
8400,Tue Jun 09 11:37:42 GMT-03:00 2026,Tue Jun 09 11:37:43 GMT-03:00 2026,GET,https://localhost:7194/api/veiculos?clienteId=any%3F%0ASet-cookie%3A+Tamper%3Dd0b34234-1bf4-462b-b558-7a3c38dabed9,400,Bad Request,518,150,202
8401,Tue Jun 09 11:37:42 GMT-03:00 2026,Tue Jun 09 11:37:43 GMT-03:00 2026,PUT,https://localhost:7194/api/veiculos,400,Bad Request,682,150,197
8402,Tue Jun 09 11:37:42 GMT-03:00 2026,Tue Jun 09 11:37:43 GMT-03:00 2026,POST,https://localhost:7194/api/insumos,201,Created,719,229,187
8403,Tue Jun 09 11:37:43 GMT-03:00 2026,Tue Jun 09 11:37:43 GMT-03:00 2026,POST,https://localhost:7194/api/clientes,400,Bad Request,466,149,74
8404,Tue Jun 09 11:37:43 GMT-03:00 2026,Tue Jun 09 11:37:43 GMT-03:00 2026,POST,https://localhost:7194/api/veiculos,400,Bad Request,627,150,205
8405,Tue Jun 09 11:37:42 GMT-03:00 2026,Tue Jun 09 11:37:43 GMT-03:00 2026,PUT,https://localhost:7194/api/ordens-servico,400,Bad Request,801,150,197
8406,Tue Jun 09 11:37:43 GMT-03:00 2026,Tue Jun 09 11:37:43 GMT-03:00 2026,GET,https://localhost:7194/api/veiculos?clienteId=any%0D%0ASet-cookie%3A+Tamper%3Dd0b34234-1bf4-462b-b558-7a3c38dabed9%0D%0A,400,Bad Request,389,150,212
8407,Tue Jun 09 11:37:43 GMT-03:00 2026,Tue Jun 09 11:37:43 GMT-03:00 2026,PUT,https://localhost:7194/api/clientes,400,Bad Request,631,150,197
8408,Tue Jun 09 11:37:43 GMT-03:00 2026,Tue Jun 09 11:37:43 GMT-03:00 2026,POST,https://localhost:7194/api/ordens-servico,400,Bad Request,677,150,204
8409,Tue Jun 09 11:37:43 GMT-03:00 2026,Tue Jun 09 11:37:44 GMT-03:00 2026,PUT,https://localhost:7194/api/servicos,400,Bad Request,758,150,197
8410,Tue Jun 09 11:37:43 GMT-03:00 2026,Tue Jun 09 11:37:44 GMT-03:00 2026,PUT,https://localhost:7194/api/insumos,400,Bad Request,766,150,197
8411,Tue Jun 09 11:37:43 GMT-03:00 2026,Tue Jun 09 11:37:44 GMT-03:00 2026,PUT,https://localhost:7194/api/veiculos,400,Bad Request,414,150,197
8412,Tue Jun 09 11:37:43 GMT-03:00 2026,Tue Jun 09 11:37:44 GMT-03:00 2026,POST,https://localhost:7194/api/servicos,400,Bad Request,604,150,220
8413,Tue Jun 09 11:37:43 GMT-03:00 2026,Tue Jun 09 11:37:44 GMT-03:00 2026,POST,https://localhost:7194/api/insumos,201,Created,420,229,188
8414,Tue Jun 09 11:37:43 GMT-03:00 2026,Tue Jun 09 11:37:44 GMT-03:00 2026,POST,https://localhost:7194/api/clientes,400,Bad Request,459,149,74
8415,Tue Jun 09 11:37:43 GMT-03:00 2026,Tue Jun 09 11:37:44 GMT-03:00 2026,GET,https://localhost:7194/api/veiculos?clienteId=any%3F%0D%0ASet-cookie%3A+Tamper%3Dd0b34234-1bf4-462b-b558-7a3c38dabed9%0D%0A,400,Bad Request,312,150,214
8416,Tue Jun 09 11:37:43 GMT-03:00 2026,Tue Jun 09 11:37:44 GMT-03:00 2026,POST,https://localhost:7194/api/veiculos,400,Bad Request,735,150,205
8417,Tue Jun 09 11:37:43 GMT-03:00 2026,Tue Jun 09 11:37:44 GMT-03:00 2026,PUT,https://localhost:7194/api/ordens-servico,400,Bad Request,720,150,197
8418,Tue Jun 09 11:37:44 GMT-03:00 2026,Tue Jun 09 11:37:44 GMT-03:00 2026,PUT,https://localhost:7194/api/servicos,400,Bad Request,463,150,197
8419,Tue Jun 09 11:37:43 GMT-03:00 2026,Tue Jun 09 11:37:44 GMT-03:00 2026,POST,https://localhost:7194/api/ordens-servico,400,Bad Request,553,150,204
8420,Tue Jun 09 11:37:43 GMT-03:00 2026,Tue Jun 09 11:37:44 GMT-03:00 2026,PUT,https://localhost:7194/api/clientes,400,Bad Request,570,150,197
8421,Tue Jun 09 11:37:44 GMT-03:00 2026,Tue Jun 09 11:37:44 GMT-03:00 2026,PUT,https://localhost:7194/api/insumos,400,Bad Request,629,150,197
8422,Tue Jun 09 11:37:44 GMT-03:00 2026,Tue Jun 09 11:37:44 GMT-03:00 2026,PUT,https://localhost:7194/api/veiculos,400,Bad Request,628,150,197
8423,Tue Jun 09 11:37:44 GMT-03:00 2026,Tue Jun 09 11:37:44 GMT-03:00 2026,POST,https://localhost:7194/api/clientes,400,Bad Request,626,149,74
8424,Tue Jun 09 11:37:44 GMT-03:00 2026,Tue Jun 09 11:37:44 GMT-03:00 2026,POST,https://localhost:7194/api/veiculos,400,Bad Request,398,150,205
8425,Tue Jun 09 11:37:44 GMT-03:00 2026,Tue Jun 09 11:37:44 GMT-03:00 2026,POST,https://localhost:7194/api/servicos,400,Bad Request,832,150,220
8426,Tue Jun 09 11:37:44 GMT-03:00 2026,Tue Jun 09 11:37:44 GMT-03:00 2026,POST,https://localhost:7194/api/insumos,201,Created,849,229,180
8427,Tue Jun 09 11:37:44 GMT-03:00 2026,Tue Jun 09 11:37:45 GMT-03:00 2026,PUT,https://localhost:7194/api/servicos,400,Bad Request,535,150,197
8428,Tue Jun 09 11:37:44 GMT-03:00 2026,Tue Jun 09 11:37:45 GMT-03:00 2026,PUT,https://localhost:7194/api/ordens-servico,400,Bad Request,557,150,197
8429,Tue Jun 09 11:37:44 GMT-03:00 2026,Tue Jun 09 11:37:45 GMT-03:00 2026,PUT,https://localhost:7194/api/clientes,400,Bad Request,494,150,197
8430,Tue Jun 09 11:37:44 GMT-03:00 2026,Tue Jun 09 11:37:45 GMT-03:00 2026,POST,https://localhost:7194/api/clientes,400,Bad Request,444,149,74
8431,Tue Jun 09 11:37:44 GMT-03:00 2026,Tue Jun 09 11:37:45 GMT-03:00 2026,POST,https://localhost:7194/api/ordens-servico,400,Bad Request,719,150,204
8432,Tue Jun 09 11:37:44 GMT-03:00 2026,Tue Jun 09 11:37:45 GMT-03:00 2026,PUT,https://localhost:7194/api/insumos,400,Bad Request,613,150,197
8433,Tue Jun 09 11:37:44 GMT-03:00 2026,Tue Jun 09 11:37:45 GMT-03:00 2026,PUT,https://localhost:7194/api/veiculos,400,Bad Request,656,150,197
8434,Tue Jun 09 11:37:44 GMT-03:00 2026,Tue Jun 09 11:37:45 GMT-03:00 2026,POST,https://localhost:7194/api/veiculos,400,Bad Request,485,150,205
8435,Tue Jun 09 11:37:44 GMT-03:00 2026,Tue Jun 09 11:37:45 GMT-03:00 2026,POST,https://localhost:7194/api/insumos,201,Created,492,229,187
8436,Tue Jun 09 11:37:44 GMT-03:00 2026,Tue Jun 09 11:37:45 GMT-03:00 2026,POST,https://localhost:7194/api/servicos,400,Bad Request,672,150,220
8437,Tue Jun 09 11:37:45 GMT-03:00 2026,Tue Jun 09 11:37:45 GMT-03:00 2026,PUT,https://localhost:7194/api/ordens-servico,400,Bad Request,738,150,197
8438,Tue Jun 09 11:37:45 GMT-03:00 2026,Tue Jun 09 11:37:45 GMT-03:00 2026,POST,https://localhost:7194/api/clientes,400,Bad Request,515,149,74
8439,Tue Jun 09 11:37:45 GMT-03:00 2026,Tue Jun 09 11:37:45 GMT-03:00 2026,PUT,https://localhost:7194/api/servicos,400,Bad Request,823,150,197
8440,Tue Jun 09 11:37:45 GMT-03:00 2026,Tue Jun 09 11:37:45 GMT-03:00 2026,PUT,https://localhost:7194/api/clientes,400,Bad Request,847,150,197
8441,Tue Jun 09 11:37:45 GMT-03:00 2026,Tue Jun 09 11:37:46 GMT-03:00 2026,POST,https://localhost:7194/api/ordens-servico,400,Bad Request,801,150,204
8442,Tue Jun 09 11:37:45 GMT-03:00 2026,Tue Jun 09 11:37:46 GMT-03:00 2026,PUT,https://localhost:7194/api/insumos,400,Bad Request,921,150,197
8443,Tue Jun 09 11:37:45 GMT-03:00 2026,Tue Jun 09 11:37:46 GMT-03:00 2026,PUT,https://localhost:7194/api/veiculos,400,Bad Request,870,150,197
8444,Tue Jun 09 11:37:45 GMT-03:00 2026,Tue Jun 09 11:37:46 GMT-03:00 2026,POST,https://localhost:7194/api/veiculos,400,Bad Request,1005,150,205
8445,Tue Jun 09 11:37:45 GMT-03:00 2026,Tue Jun 09 11:37:46 GMT-03:00 2026,POST,https://localhost:7194/api/insumos,201,Created,876,229,188
8446,Tue Jun 09 11:37:45 GMT-03:00 2026,Tue Jun 09 11:37:46 GMT-03:00 2026,POST,https://localhost:7194/api/clientes,400,Bad Request,712,149,74
8447,Tue Jun 09 11:37:45 GMT-03:00 2026,Tue Jun 09 11:37:46 GMT-03:00 2026,POST,https://localhost:7194/api/servicos,400,Bad Request,894,150,220
8448,Tue Jun 09 11:37:45 GMT-03:00 2026,Tue Jun 09 11:37:46 GMT-03:00 2026,PUT,https://localhost:7194/api/ordens-servico,400,Bad Request,796,150,197
8449,Tue Jun 09 11:37:45 GMT-03:00 2026,Tue Jun 09 11:37:46 GMT-03:00 2026,PUT,https://localhost:7194/api/servicos,400,Bad Request,790,150,197
8450,Tue Jun 09 11:37:45 GMT-03:00 2026,Tue Jun 09 11:37:46 GMT-03:00 2026,PUT,https://localhost:7194/api/clientes,400,Bad Request,886,150,197
8451,Tue Jun 09 11:37:46 GMT-03:00 2026,Tue Jun 09 11:37:46 GMT-03:00 2026,PUT,https://localhost:7194/api/veiculos,400,Bad Request,675,150,197
8452,Tue Jun 09 11:37:46 GMT-03:00 2026,Tue Jun 09 11:37:46 GMT-03:00 2026,POST,https://localhost:7194/api/ordens-servico,400,Bad Request,866,150,204
8453,Tue Jun 09 11:37:46 GMT-03:00 2026,Tue Jun 09 11:37:46 GMT-03:00 2026,PUT,https://localhost:7194/api/insumos,400,Bad Request,734,150,197
8454,Tue Jun 09 11:37:46 GMT-03:00 2026,Tue Jun 09 11:37:47 GMT-03:00 2026,POST,https://localhost:7194/api/clientes,400,Bad Request,584,149,74
8455,Tue Jun 09 11:37:46 GMT-03:00 2026,Tue Jun 09 11:37:47 GMT-03:00 2026,POST,https://localhost:7194/api/veiculos,400,Bad Request,726,150,205
8456,Tue Jun 09 11:37:46 GMT-03:00 2026,Tue Jun 09 11:37:47 GMT-03:00 2026,POST,https://localhost:7194/api/servicos,400,Bad Request,685,150,220
8457,Tue Jun 09 11:37:46 GMT-03:00 2026,Tue Jun 09 11:37:47 GMT-03:00 2026,PUT,https://localhost:7194/api/servicos,400,Bad Request,903,150,197
8458,Tue Jun 09 11:37:46 GMT-03:00 2026,Tue Jun 09 11:37:47 GMT-03:00 2026,PUT,https://localhost:7194/api/ordens-servico,400,Bad Request,1048,150,197
8459,Tue Jun 09 11:37:46 GMT-03:00 2026,Tue Jun 09 11:37:47 GMT-03:00 2026,PUT,https://localhost:7194/api/veiculos,400,Bad Request,743,150,197
8460,Tue Jun 09 11:37:46 GMT-03:00 2026,Tue Jun 09 11:37:47 GMT-03:00 2026,PUT,https://localhost:7194/api/clientes,400,Bad Request,836,150,197
8461,Tue Jun 09 11:37:46 GMT-03:00 2026,Tue Jun 09 11:37:47 GMT-03:00 2026,POST,https://localhost:7194/api/ordens-servico,400,Bad Request,773,150,204
8462,Tue Jun 09 11:37:46 GMT-03:00 2026,Tue Jun 09 11:37:47 GMT-03:00 2026,POST,https://localhost:7194/api/insumos,201,Created,1343,229,185
8463,Tue Jun 09 11:37:46 GMT-03:00 2026,Tue Jun 09 11:37:47 GMT-03:00 2026,PUT,https://localhost:7194/api/insumos,400,Bad Request,788,150,197
8464,Tue Jun 09 11:37:47 GMT-03:00 2026,Tue Jun 09 11:37:47 GMT-03:00 2026,POST,https://localhost:7194/api/clientes,400,Bad Request,726,149,74
8465,Tue Jun 09 11:37:47 GMT-03:00 2026,Tue Jun 09 11:37:47 GMT-03:00 2026,POST,https://localhost:7194/api/veiculos,400,Bad Request,841,150,205
8466,Tue Jun 09 11:37:47 GMT-03:00 2026,Tue Jun 09 11:37:48 GMT-03:00 2026,PUT,https://localhost:7194/api/ordens-servico,400,Bad Request,406,150,197
8467,Tue Jun 09 11:37:47 GMT-03:00 2026,Tue Jun 09 11:37:48 GMT-03:00 2026,POST,https://localhost:7194/api/servicos,400,Bad Request,854,150,220
8468,Tue Jun 09 11:37:47 GMT-03:00 2026,Tue Jun 09 11:37:48 GMT-03:00 2026,PUT,https://localhost:7194/api/servicos,400,Bad Request,579,150,197
8469,Tue Jun 09 11:37:47 GMT-03:00 2026,Tue Jun 09 11:37:48 GMT-03:00 2026,PUT,https://localhost:7194/api/veiculos,400,Bad Request,561,150,197
8470,Tue Jun 09 11:37:47 GMT-03:00 2026,Tue Jun 09 11:37:48 GMT-03:00 2026,POST,https://localhost:7194/api/insumos,201,Created,659,229,186
8471,Tue Jun 09 11:37:47 GMT-03:00 2026,Tue Jun 09 11:37:48 GMT-03:00 2026,POST,https://localhost:7194/api/ordens-servico,400,Bad Request,682,150,204
8472,Tue Jun 09 11:37:47 GMT-03:00 2026,Tue Jun 09 11:37:48 GMT-03:00 2026,PUT,https://localhost:7194/api/clientes,400,Bad Request,828,150,197
8473,Tue Jun 09 11:37:47 GMT-03:00 2026,Tue Jun 09 11:37:48 GMT-03:00 2026,POST,https://localhost:7194/api/clientes,400,Bad Request,695,149,74
8474,Tue Jun 09 11:37:47 GMT-03:00 2026,Tue Jun 09 11:37:48 GMT-03:00 2026,PUT,https://localhost:7194/api/insumos,400,Bad Request,772,150,197
8475,Tue Jun 09 11:37:48 GMT-03:00 2026,Tue Jun 09 11:37:48 GMT-03:00 2026,PUT,https://localhost:7194/api/ordens-servico,400,Bad Request,648,150,197
8476,Tue Jun 09 11:37:47 GMT-03:00 2026,Tue Jun 09 11:37:48 GMT-03:00 2026,POST,https://localhost:7194/api/veiculos,400,Bad Request,752,150,205
8477,Tue Jun 09 11:37:48 GMT-03:00 2026,Tue Jun 09 11:37:48 GMT-03:00 2026,POST,https://localhost:7194/api/servicos,400,Bad Request,778,150,220
8478,Tue Jun 09 11:37:48 GMT-03:00 2026,Tue Jun 09 11:37:48 GMT-03:00 2026,PUT,https://localhost:7194/api/servicos,400,Bad Request,672,150,197
8479,Tue Jun 09 11:37:48 GMT-03:00 2026,Tue Jun 09 11:37:48 GMT-03:00 2026,PUT,https://localhost:7194/api/veiculos,400,Bad Request,759,150,197
8480,Tue Jun 09 11:37:48 GMT-03:00 2026,Tue Jun 09 11:37:48 GMT-03:00 2026,POST,https://localhost:7194/api/clientes,400,Bad Request,446,149,74
8481,Tue Jun 09 11:37:48 GMT-03:00 2026,Tue Jun 09 11:37:48 GMT-03:00 2026,POST,https://localhost:7194/api/insumos,201,Created,579,229,187
8482,Tue Jun 09 11:37:48 GMT-03:00 2026,Tue Jun 09 11:37:49 GMT-03:00 2026,PUT,https://localhost:7194/api/ordens-servico,400,Bad Request,457,150,197
8483,Tue Jun 09 11:37:48 GMT-03:00 2026,Tue Jun 09 11:37:49 GMT-03:00 2026,PUT,https://localhost:7194/api/insumos,400,Bad Request,687,150,197
8484,Tue Jun 09 11:37:48 GMT-03:00 2026,Tue Jun 09 11:37:49 GMT-03:00 2026,PUT,https://localhost:7194/api/clientes,400,Bad Request,732,150,197
8485,Tue Jun 09 11:37:48 GMT-03:00 2026,Tue Jun 09 11:37:49 GMT-03:00 2026,POST,https://localhost:7194/api/ordens-servico,400,Bad Request,922,150,204
8486,Tue Jun 09 11:37:48 GMT-03:00 2026,Tue Jun 09 11:37:49 GMT-03:00 2026,POST,https://localhost:7194/api/servicos,400,Bad Request,617,150,220
8487,Tue Jun 09 11:37:48 GMT-03:00 2026,Tue Jun 09 11:37:49 GMT-03:00 2026,PUT,https://localhost:7194/api/servicos,400,Bad Request,691,150,197
8488,Tue Jun 09 11:37:48 GMT-03:00 2026,Tue Jun 09 11:37:49 GMT-03:00 2026,POST,https://localhost:7194/api/clientes,400,Bad Request,591,149,74
8489,Tue Jun 09 11:37:48 GMT-03:00 2026,Tue Jun 09 11:37:49 GMT-03:00 2026,PUT,https://localhost:7194/api/veiculos,400,Bad Request,638,150,197
8490,Tue Jun 09 11:37:48 GMT-03:00 2026,Tue Jun 09 11:37:49 GMT-03:00 2026,POST,https://localhost:7194/api/veiculos,400,Bad Request,906,150,205
8491,Tue Jun 09 11:37:48 GMT-03:00 2026,Tue Jun 09 11:37:49 GMT-03:00 2026,POST,https://localhost:7194/api/insumos,201,Created,632,229,188
8492,Tue Jun 09 11:37:49 GMT-03:00 2026,Tue Jun 09 11:37:49 GMT-03:00 2026,PUT,https://localhost:7194/api/ordens-servico,400,Bad Request,655,150,197
8493,Tue Jun 09 11:37:49 GMT-03:00 2026,Tue Jun 09 11:37:49 GMT-03:00 2026,PUT,https://localhost:7194/api/clientes,400,Bad Request,711,150,197
8494,Tue Jun 09 11:37:49 GMT-03:00 2026,Tue Jun 09 11:37:49 GMT-03:00 2026,POST,https://localhost:7194/api/ordens-servico,400,Bad Request,616,150,204
8495,Tue Jun 09 11:37:49 GMT-03:00 2026,Tue Jun 09 11:37:49 GMT-03:00 2026,PUT,https://localhost:7194/api/insumos,400,Bad Request,747,150,197
8496,Tue Jun 09 11:37:49 GMT-03:00 2026,Tue Jun 09 11:37:50 GMT-03:00 2026,POST,https://localhost:7194/api/clientes,400,Bad Request,500,149,74
8497,Tue Jun 09 11:37:49 GMT-03:00 2026,Tue Jun 09 11:37:50 GMT-03:00 2026,PUT,https://localhost:7194/api/servicos,400,Bad Request,606,150,197
8498,Tue Jun 09 11:37:49 GMT-03:00 2026,Tue Jun 09 11:37:50 GMT-03:00 2026,PUT,https://localhost:7194/api/veiculos,400,Bad Request,523,150,197
8499,Tue Jun 09 11:37:49 GMT-03:00 2026,Tue Jun 09 11:37:50 GMT-03:00 2026,POST,https://localhost:7194/api/servicos,400,Bad Request,824,150,220
8500,Tue Jun 09 11:37:49 GMT-03:00 2026,Tue Jun 09 11:37:50 GMT-03:00 2026,POST,https://localhost:7194/api/insumos,400,Bad Request,733,150,217
8501,Tue Jun 09 11:37:50 GMT-03:00 2026,Tue Jun 09 11:37:50 GMT-03:00 2026,POST,https://localhost:7194/api/clientes,400,Bad Request,537,149,74
8502,Tue Jun 09 11:37:49 GMT-03:00 2026,Tue Jun 09 11:37:50 GMT-03:00 2026,POST,https://localhost:7194/api/ordens-servico,400,Bad Request,671,150,204
8503,Tue Jun 09 11:37:49 GMT-03:00 2026,Tue Jun 09 11:37:50 GMT-03:00 2026,PUT,https://localhost:7194/api/clientes,400,Bad Request,717,150,197
8504,Tue Jun 09 11:37:49 GMT-03:00 2026,Tue Jun 09 11:37:50 GMT-03:00 2026,POST,https://localhost:7194/api/veiculos,400,Bad Request,1054,150,205
8505,Tue Jun 09 11:37:49 GMT-03:00 2026,Tue Jun 09 11:37:50 GMT-03:00 2026,PUT,https://localhost:7194/api/ordens-servico,400,Bad Request,863,150,197
8506,Tue Jun 09 11:37:49 GMT-03:00 2026,Tue Jun 09 11:37:50 GMT-03:00 2026,PUT,https://localhost:7194/api/insumos,400,Bad Request,735,150,197
8507,Tue Jun 09 11:37:50 GMT-03:00 2026,Tue Jun 09 11:37:50 GMT-03:00 2026,PUT,https://localhost:7194/api/veiculos,400,Bad Request,736,150,197
8508,Tue Jun 09 11:37:50 GMT-03:00 2026,Tue Jun 09 11:37:50 GMT-03:00 2026,PUT,https://localhost:7194/api/servicos,400,Bad Request,736,150,197
8509,Tue Jun 09 11:37:50 GMT-03:00 2026,Tue Jun 09 11:37:50 GMT-03:00 2026,POST,https://localhost:7194/api/clientes,400,Bad Request,294,149,74
8510,Tue Jun 09 11:37:50 GMT-03:00 2026,Tue Jun 09 11:37:50 GMT-03:00 2026,POST,https://localhost:7194/api/servicos,400,Bad Request,658,150,220
8511,Tue Jun 09 11:37:50 GMT-03:00 2026,Tue Jun 09 11:37:50 GMT-03:00 2026,POST,https://localhost:7194/api/insumos,400,Bad Request,659,150,217
8512,Tue Jun 09 11:37:50 GMT-03:00 2026,Tue Jun 09 11:37:51 GMT-03:00 2026,POST,https://localhost:7194/api/ordens-servico,400,Bad Request,459,150,204
8513,Tue Jun 09 11:37:50 GMT-03:00 2026,Tue Jun 09 11:37:51 GMT-03:00 2026,PUT,https://localhost:7194/api/clientes,400,Bad Request,454,150,197
8514,Tue Jun 09 11:37:50 GMT-03:00 2026,Tue Jun 09 11:37:51 GMT-03:00 2026,POST,https://localhost:7194/api/veiculos,400,Bad Request,501,150,205
8515,Tue Jun 09 11:37:50 GMT-03:00 2026,Tue Jun 09 11:37:51 GMT-03:00 2026,PUT,https://localhost:7194/api/ordens-servico,400,Bad Request,525,150,197
8516,Tue Jun 09 11:37:50 GMT-03:00 2026,Tue Jun 09 11:37:51 GMT-03:00 2026,PUT,https://localhost:7194/api/insumos,400,Bad Request,672,150,197
8517,Tue Jun 09 11:37:50 GMT-03:00 2026,Tue Jun 09 11:37:51 GMT-03:00 2026,PUT,https://localhost:7194/api/veiculos,400,Bad Request,547,150,197
8518,Tue Jun 09 11:37:50 GMT-03:00 2026,Tue Jun 09 11:37:51 GMT-03:00 2026,POST,https://localhost:7194/api/clientes,400,Bad Request,522,149,74
8519,Tue Jun 09 11:37:50 GMT-03:00 2026,Tue Jun 09 11:37:51 GMT-03:00 2026,PUT,https://localhost:7194/api/servicos,400,Bad Request,655,150,197
8520,Tue Jun 09 11:37:50 GMT-03:00 2026,Tue Jun 09 11:37:51 GMT-03:00 2026,POST,https://localhost:7194/api/servicos,400,Bad Request,673,150,220
8521,Tue Jun 09 11:37:50 GMT-03:00 2026,Tue Jun 09 11:37:51 GMT-03:00 2026,POST,https://localhost:7194/api/insumos,400,Bad Request,855,150,217
8522,Tue Jun 09 11:37:51 GMT-03:00 2026,Tue Jun 09 11:37:51 GMT-03:00 2026,POST,https://localhost:7194/api/ordens-servico,400,Bad Request,792,150,204
8523,Tue Jun 09 11:37:51 GMT-03:00 2026,Tue Jun 09 11:37:51 GMT-03:00 2026,POST,https://localhost:7194/api/veiculos,400,Bad Request,719,150,205
8524,Tue Jun 09 11:37:51 GMT-03:00 2026,Tue Jun 09 11:37:51 GMT-03:00 2026,PUT,https://localhost:7194/api/clientes,400,Bad Request,798,150,197
8525,Tue Jun 09 11:37:51 GMT-03:00 2026,Tue Jun 09 11:37:51 GMT-03:00 2026,PUT,https://localhost:7194/api/insumos,400,Bad Request,573,150,197
8526,Tue Jun 09 11:37:51 GMT-03:00 2026,Tue Jun 09 11:37:51 GMT-03:00 2026,PUT,https://localhost:7194/api/ordens-servico,400,Bad Request,800,150,197
8527,Tue Jun 09 11:37:51 GMT-03:00 2026,Tue Jun 09 11:37:52 GMT-03:00 2026,PUT,https://localhost:7194/api/veiculos,400,Bad Request,662,150,197
8528,Tue Jun 09 11:37:51 GMT-03:00 2026,Tue Jun 09 11:37:52 GMT-03:00 2026,PUT,https://localhost:7194/api/servicos,400,Bad Request,720,150,197
8529,Tue Jun 09 11:37:51 GMT-03:00 2026,Tue Jun 09 11:37:52 GMT-03:00 2026,POST,https://localhost:7194/api/servicos,400,Bad Request,636,150,220
8530,Tue Jun 09 11:37:51 GMT-03:00 2026,Tue Jun 09 11:37:52 GMT-03:00 2026,POST,https://localhost:7194/api/insumos,400,Bad Request,449,150,217
8531,Tue Jun 09 11:37:51 GMT-03:00 2026,Tue Jun 09 11:37:52 GMT-03:00 2026,POST,https://localhost:7194/api/ordens-servico,400,Bad Request,560,150,204
8532,Tue Jun 09 11:37:51 GMT-03:00 2026,Tue Jun 09 11:37:52 GMT-03:00 2026,POST,https://localhost:7194/api/veiculos,400,Bad Request,558,150,205
8533,Tue Jun 09 11:37:51 GMT-03:00 2026,Tue Jun 09 11:37:52 GMT-03:00 2026,PUT,https://localhost:7194/api/insumos,400,Bad Request,541,150,197
8534,Tue Jun 09 11:37:51 GMT-03:00 2026,Tue Jun 09 11:37:52 GMT-03:00 2026,PUT,https://localhost:7194/api/clientes,400,Bad Request,583,150,197
8535,Tue Jun 09 11:37:51 GMT-03:00 2026,Tue Jun 09 11:37:52 GMT-03:00 2026,PUT,https://localhost:7194/api/ordens-servico,400,Bad Request,567,150,197
8536,Tue Jun 09 11:37:52 GMT-03:00 2026,Tue Jun 09 11:37:52 GMT-03:00 2026,PUT,https://localhost:7194/api/veiculos,400,Bad Request,639,150,197
8537,Tue Jun 09 11:37:52 GMT-03:00 2026,Tue Jun 09 11:37:52 GMT-03:00 2026,PUT,https://localhost:7194/api/servicos,400,Bad Request,513,150,197
8538,Tue Jun 09 11:37:52 GMT-03:00 2026,Tue Jun 09 11:37:52 GMT-03:00 2026,POST,https://localhost:7194/api/servicos,400,Bad Request,533,150,220
8539,Tue Jun 09 11:37:52 GMT-03:00 2026,Tue Jun 09 11:37:52 GMT-03:00 2026,POST,https://localhost:7194/api/insumos,400,Bad Request,611,150,217
8540,Tue Jun 09 11:37:52 GMT-03:00 2026,Tue Jun 09 11:37:53 GMT-03:00 2026,POST,https://localhost:7194/api/veiculos,400,Bad Request,694,150,205
8541,Tue Jun 09 11:37:52 GMT-03:00 2026,Tue Jun 09 11:37:53 GMT-03:00 2026,POST,https://localhost:7194/api/ordens-servico,400,Bad Request,720,150,204
8542,Tue Jun 09 11:37:52 GMT-03:00 2026,Tue Jun 09 11:37:53 GMT-03:00 2026,PUT,https://localhost:7194/api/ordens-servico,400,Bad Request,613,150,197
8543,Tue Jun 09 11:37:52 GMT-03:00 2026,Tue Jun 09 11:37:53 GMT-03:00 2026,PUT,https://localhost:7194/api/clientes,400,Bad Request,708,150,197
8544,Tue Jun 09 11:37:52 GMT-03:00 2026,Tue Jun 09 11:37:53 GMT-03:00 2026,PUT,https://localhost:7194/api/servicos,400,Bad Request,507,150,197
8545,Tue Jun 09 11:37:52 GMT-03:00 2026,Tue Jun 09 11:37:53 GMT-03:00 2026,PUT,https://localhost:7194/api/veiculos,400,Bad Request,564,150,197
8546,Tue Jun 09 11:37:52 GMT-03:00 2026,Tue Jun 09 11:37:53 GMT-03:00 2026,PUT,https://localhost:7194/api/insumos,400,Bad Request,809,150,197
8547,Tue Jun 09 11:37:52 GMT-03:00 2026,Tue Jun 09 11:37:53 GMT-03:00 2026,POST,https://localhost:7194/api/servicos,400,Bad Request,766,150,220
8548,Tue Jun 09 11:37:52 GMT-03:00 2026,Tue Jun 09 11:37:53 GMT-03:00 2026,POST,https://localhost:7194/api/insumos,400,Bad Request,666,150,217
8549,Tue Jun 09 11:37:53 GMT-03:00 2026,Tue Jun 09 11:37:53 GMT-03:00 2026,PUT,https://localhost:7194/api/ordens-servico,400,Bad Request,509,150,197
8550,Tue Jun 09 11:37:53 GMT-03:00 2026,Tue Jun 09 11:37:53 GMT-03:00 2026,POST,https://localhost:7194/api/ordens-servico,400,Bad Request,532,150,204
8551,Tue Jun 09 11:37:53 GMT-03:00 2026,Tue Jun 09 11:37:53 GMT-03:00 2026,POST,https://localhost:7194/api/veiculos,400,Bad Request,558,150,205
8552,Tue Jun 09 11:37:53 GMT-03:00 2026,Tue Jun 09 11:37:53 GMT-03:00 2026,PUT,https://localhost:7194/api/clientes,400,Bad Request,652,150,197
8553,Tue Jun 09 11:37:53 GMT-03:00 2026,Tue Jun 09 11:37:53 GMT-03:00 2026,PUT,https://localhost:7194/api/servicos,400,Bad Request,575,150,197
8554,Tue Jun 09 11:37:53 GMT-03:00 2026,Tue Jun 09 11:37:53 GMT-03:00 2026,PUT,https://localhost:7194/api/veiculos,400,Bad Request,669,150,197
8555,Tue Jun 09 11:37:53 GMT-03:00 2026,Tue Jun 09 11:37:53 GMT-03:00 2026,POST,https://localhost:7194/api/servicos,400,Bad Request,446,150,220
8556,Tue Jun 09 11:37:53 GMT-03:00 2026,Tue Jun 09 11:37:53 GMT-03:00 2026,PUT,https://localhost:7194/api/insumos,400,Bad Request,704,150,197
8557,Tue Jun 09 11:37:53 GMT-03:00 2026,Tue Jun 09 11:37:54 GMT-03:00 2026,POST,https://localhost:7194/api/insumos,400,Bad Request,644,150,217
8558,Tue Jun 09 11:37:53 GMT-03:00 2026,Tue Jun 09 11:37:54 GMT-03:00 2026,POST,https://localhost:7194/api/veiculos,400,Bad Request,635,150,205
8559,Tue Jun 09 11:37:53 GMT-03:00 2026,Tue Jun 09 11:37:54 GMT-03:00 2026,PUT,https://localhost:7194/api/ordens-servico,400,Bad Request,635,150,197
8560,Tue Jun 09 11:37:53 GMT-03:00 2026,Tue Jun 09 11:37:54 GMT-03:00 2026,PUT,https://localhost:7194/api/clientes,400,Bad Request,692,150,197
8561,Tue Jun 09 11:37:53 GMT-03:00 2026,Tue Jun 09 11:37:54 GMT-03:00 2026,PUT,https://localhost:7194/api/veiculos,400,Bad Request,603,150,197
8562,Tue Jun 09 11:37:53 GMT-03:00 2026,Tue Jun 09 11:37:54 GMT-03:00 2026,PUT,https://localhost:7194/api/servicos,400,Bad Request,712,150,197
8563,Tue Jun 09 11:37:53 GMT-03:00 2026,Tue Jun 09 11:37:54 GMT-03:00 2026,POST,https://localhost:7194/api/servicos,400,Bad Request,671,150,219
8564,Tue Jun 09 11:37:54 GMT-03:00 2026,Tue Jun 09 11:37:54 GMT-03:00 2026,POST,https://localhost:7194/api/insumos,400,Bad Request,653,150,212
8565,Tue Jun 09 11:37:53 GMT-03:00 2026,Tue Jun 09 11:37:54 GMT-03:00 2026,PUT,https://localhost:7194/api/insumos,400,Bad Request,886,150,197
8566,Tue Jun 09 11:37:54 GMT-03:00 2026,Tue Jun 09 11:37:54 GMT-03:00 2026,POST,https://localhost:7194/api/veiculos,400,Bad Request,558,150,205
8567,Tue Jun 09 11:37:54 GMT-03:00 2026,Tue Jun 09 11:37:54 GMT-03:00 2026,PUT,https://localhost:7194/api/ordens-servico,400,Bad Request,589,150,197
8568,Tue Jun 09 11:37:54 GMT-03:00 2026,Tue Jun 09 11:37:54 GMT-03:00 2026,PUT,https://localhost:7194/api/clientes,400,Bad Request,446,150,197
8569,Tue Jun 09 11:37:54 GMT-03:00 2026,Tue Jun 09 11:37:55 GMT-03:00 2026,PUT,https://localhost:7194/api/veiculos,400,Bad Request,587,150,197
8570,Tue Jun 09 11:37:54 GMT-03:00 2026,Tue Jun 09 11:37:55 GMT-03:00 2026,POST,https://localhost:7194/api/servicos,400,Bad Request,795,150,219
8571,Tue Jun 09 11:37:54 GMT-03:00 2026,Tue Jun 09 11:37:55 GMT-03:00 2026,PUT,https://localhost:7194/api/servicos,400,Bad Request,901,150,197
8572,Tue Jun 09 11:37:54 GMT-03:00 2026,Tue Jun 09 11:37:55 GMT-03:00 2026,PUT,https://localhost:7194/api/insumos,400,Bad Request,576,150,197
8573,Tue Jun 09 11:37:54 GMT-03:00 2026,Tue Jun 09 11:37:55 GMT-03:00 2026,POST,https://localhost:7194/api/veiculos,400,Bad Request,630,150,200
8574,Tue Jun 09 11:37:54 GMT-03:00 2026,Tue Jun 09 11:37:55 GMT-03:00 2026,POST,https://localhost:7194/api/insumos,400,Bad Request,694,150,212
8575,Tue Jun 09 11:37:54 GMT-03:00 2026,Tue Jun 09 11:37:55 GMT-03:00 2026,PUT,https://localhost:7194/api/ordens-servico,400,Bad Request,738,150,197
8576,Tue Jun 09 11:37:55 GMT-03:00 2026,Tue Jun 09 11:37:55 GMT-03:00 2026,PUT,https://localhost:7194/api/veiculos,400,Bad Request,602,150,197
8577,Tue Jun 09 11:37:54 GMT-03:00 2026,Tue Jun 09 11:37:55 GMT-03:00 2026,PUT,https://localhost:7194/api/clientes,400,Bad Request,765,150,197
8578,Tue Jun 09 11:37:55 GMT-03:00 2026,Tue Jun 09 11:37:56 GMT-03:00 2026,PUT,https://localhost:7194/api/servicos,400,Bad Request,658,150,197
8579,Tue Jun 09 11:37:55 GMT-03:00 2026,Tue Jun 09 11:37:56 GMT-03:00 2026,POST,https://localhost:7194/api/servicos,400,Bad Request,672,150,219
8580,Tue Jun 09 11:37:55 GMT-03:00 2026,Tue Jun 09 11:37:56 GMT-03:00 2026,POST,https://localhost:7194/api/veiculos,400,Bad Request,649,150,200
8581,Tue Jun 09 11:37:55 GMT-03:00 2026,Tue Jun 09 11:37:56 GMT-03:00 2026,PUT,https://localhost:7194/api/insumos,400,Bad Request,709,150,197
8582,Tue Jun 09 11:37:55 GMT-03:00 2026,Tue Jun 09 11:37:56 GMT-03:00 2026,POST,https://localhost:7194/api/insumos,400,Bad Request,626,150,212
8583,Tue Jun 09 11:37:55 GMT-03:00 2026,Tue Jun 09 11:37:56 GMT-03:00 2026,PUT,https://localhost:7194/api/ordens-servico,400,Bad Request,588,150,197
8584,Tue Jun 09 11:37:55 GMT-03:00 2026,Tue Jun 09 11:37:56 GMT-03:00 2026,PUT,https://localhost:7194/api/veiculos,400,Bad Request,583,150,197
8585,Tue Jun 09 11:37:55 GMT-03:00 2026,Tue Jun 09 11:37:56 GMT-03:00 2026,PUT,https://localhost:7194/api/clientes,400,Bad Request,593,150,197
8586,Tue Jun 09 11:37:56 GMT-03:00 2026,Tue Jun 09 11:37:56 GMT-03:00 2026,PUT,https://localhost:7194/api/servicos,400,Bad Request,297,150,197
8587,Tue Jun 09 11:37:56 GMT-03:00 2026,Tue Jun 09 11:37:56 GMT-03:00 2026,POST,https://localhost:7194/api/servicos,400,Bad Request,385,150,219
8588,Tue Jun 09 11:37:56 GMT-03:00 2026,Tue Jun 09 11:37:56 GMT-03:00 2026,POST,https://localhost:7194/api/veiculos,400,Bad Request,562,150,200
8589,Tue Jun 09 11:37:56 GMT-03:00 2026,Tue Jun 09 11:37:56 GMT-03:00 2026,POST,https://localhost:7194/api/insumos,400,Bad Request,526,150,212
8590,Tue Jun 09 11:37:56 GMT-03:00 2026,Tue Jun 09 11:37:56 GMT-03:00 2026,PUT,https://localhost:7194/api/insumos,400,Bad Request,616,150,197
8591,Tue Jun 09 11:37:56 GMT-03:00 2026,Tue Jun 09 11:37:56 GMT-03:00 2026,PUT,https://localhost:7194/api/ordens-servico,400,Bad Request,628,150,197
8592,Tue Jun 09 11:37:56 GMT-03:00 2026,Tue Jun 09 11:37:56 GMT-03:00 2026,PUT,https://localhost:7194/api/veiculos,400,Bad Request,661,150,197
8593,Tue Jun 09 11:37:56 GMT-03:00 2026,Tue Jun 09 11:37:57 GMT-03:00 2026,PUT,https://localhost:7194/api/clientes,400,Bad Request,917,150,197
8594,Tue Jun 09 11:37:56 GMT-03:00 2026,Tue Jun 09 11:37:57 GMT-03:00 2026,PUT,https://localhost:7194/api/servicos,400,Bad Request,844,150,197
8595,Tue Jun 09 11:37:56 GMT-03:00 2026,Tue Jun 09 11:37:57 GMT-03:00 2026,POST,https://localhost:7194/api/servicos,400,Bad Request,750,150,219
8596,Tue Jun 09 11:37:56 GMT-03:00 2026,Tue Jun 09 11:37:57 GMT-03:00 2026,PUT,https://localhost:7194/api/insumos,400,Bad Request,608,150,197
8597,Tue Jun 09 11:37:56 GMT-03:00 2026,Tue Jun 09 11:37:57 GMT-03:00 2026,PUT,https://localhost:7194/api/ordens-servico,400,Bad Request,567,150,197
8598,Tue Jun 09 11:37:56 GMT-03:00 2026,Tue Jun 09 11:37:57 GMT-03:00 2026,POST,https://localhost:7194/api/insumos,400,Bad Request,713,150,212
8599,Tue Jun 09 11:37:56 GMT-03:00 2026,Tue Jun 09 11:37:57 GMT-03:00 2026,POST,https://localhost:7194/api/veiculos,400,Bad Request,713,150,200
8600,Tue Jun 09 11:37:56 GMT-03:00 2026,Tue Jun 09 11:37:57 GMT-03:00 2026,PUT,https://localhost:7194/api/veiculos,400,Bad Request,694,150,197
8601,Tue Jun 09 11:37:57 GMT-03:00 2026,Tue Jun 09 11:37:57 GMT-03:00 2026,PUT,https://localhost:7194/api/clientes,400,Bad Request,701,150,197
8602,Tue Jun 09 11:37:57 GMT-03:00 2026,Tue Jun 09 11:37:57 GMT-03:00 2026,POST,https://localhost:7194/api/servicos,400,Bad Request,707,150,219
8603,Tue Jun 09 11:37:57 GMT-03:00 2026,Tue Jun 09 11:37:57 GMT-03:00 2026,PUT,https://localhost:7194/api/servicos,400,Bad Request,724,150,197
8604,Tue Jun 09 11:37:57 GMT-03:00 2026,Tue Jun 09 11:37:58 GMT-03:00 2026,PUT,https://localhost:7194/api/ordens-servico,400,Bad Request,657,150,197
8605,Tue Jun 09 11:37:57 GMT-03:00 2026,Tue Jun 09 11:37:58 GMT-03:00 2026,PUT,https://localhost:7194/api/insumos,400,Bad Request,749,150,197
8606,Tue Jun 09 11:37:57 GMT-03:00 2026,Tue Jun 09 11:37:58 GMT-03:00 2026,POST,https://localhost:7194/api/veiculos,400,Bad Request,744,150,200
8607,Tue Jun 09 11:37:57 GMT-03:00 2026,Tue Jun 09 11:37:58 GMT-03:00 2026,POST,https://localhost:7194/api/servicos,400,Bad Request,349,150,219
8608,Tue Jun 09 11:37:57 GMT-03:00 2026,Tue Jun 09 11:37:58 GMT-03:00 2026,PUT,https://localhost:7194/api/veiculos,400,Bad Request,638,150,197
8609,Tue Jun 09 11:37:57 GMT-03:00 2026,Tue Jun 09 11:37:58 GMT-03:00 2026,POST,https://localhost:7194/api/insumos,400,Bad Request,954,150,212
8610,Tue Jun 09 11:37:57 GMT-03:00 2026,Tue Jun 09 11:37:58 GMT-03:00 2026,PUT,https://localhost:7194/api/servicos,400,Bad Request,432,150,197
8611,Tue Jun 09 11:37:58 GMT-03:00 2026,Tue Jun 09 11:37:58 GMT-03:00 2026,PUT,https://localhost:7194/api/ordens-servico,400,Bad Request,505,150,197
8612,Tue Jun 09 11:37:58 GMT-03:00 2026,Tue Jun 09 11:37:58 GMT-03:00 2026,PUT,https://localhost:7194/api/insumos,400,Bad Request,604,150,197
8613,Tue Jun 09 11:37:58 GMT-03:00 2026,Tue Jun 09 11:37:58 GMT-03:00 2026,POST,https://localhost:7194/api/veiculos,400,Bad Request,595,150,200
8614,Tue Jun 09 11:37:58 GMT-03:00 2026,Tue Jun 09 11:37:58 GMT-03:00 2026,PUT,https://localhost:7194/api/veiculos,400,Bad Request,634,150,197
8615,Tue Jun 09 11:37:58 GMT-03:00 2026,Tue Jun 09 11:37:58 GMT-03:00 2026,POST,https://localhost:7194/api/insumos,400,Bad Request,592,150,212
8616,Tue Jun 09 11:37:58 GMT-03:00 2026,Tue Jun 09 11:37:58 GMT-03:00 2026,PUT,https://localhost:7194/api/servicos,400,Bad Request,613,150,197
8617,Tue Jun 09 11:37:58 GMT-03:00 2026,Tue Jun 09 11:37:59 GMT-03:00 2026,PUT,https://localhost:7194/api/insumos,400,Bad Request,503,150,197
8618,Tue Jun 09 11:37:58 GMT-03:00 2026,Tue Jun 09 11:37:59 GMT-03:00 2026,POST,https://localhost:7194/api/veiculos,400,Bad Request,511,150,200
8619,Tue Jun 09 11:37:58 GMT-03:00 2026,Tue Jun 09 11:37:59 GMT-03:00 2026,PUT,https://localhost:7194/api/veiculos,400,Bad Request,350,150,197
8620,Tue Jun 09 11:37:58 GMT-03:00 2026,Tue Jun 09 11:37:59 GMT-03:00 2026,PUT,https://localhost:7194/api/servicos,400,Bad Request,400,150,197
8621,Tue Jun 09 11:37:59 GMT-03:00 2026,Tue Jun 09 11:37:59 GMT-03:00 2026,PUT,https://localhost:7194/api/insumos,400,Bad Request,276,150,197
8622,Tue Jun 09 11:37:59 GMT-03:00 2026,Tue Jun 09 11:37:59 GMT-03:00 2026,POST,https://localhost:7194/api/veiculos,400,Bad Request,355,150,205
8623,Tue Jun 09 11:37:59 GMT-03:00 2026,Tue Jun 09 11:37:59 GMT-03:00 2026,PUT,https://localhost:7194/api/veiculos,400,Bad Request,455,150,197
8624,Tue Jun 09 11:37:59 GMT-03:00 2026,Tue Jun 09 11:37:59 GMT-03:00 2026,PUT,https://localhost:7194/api/insumos,400,Bad Request,346,150,197
8625,Tue Jun 09 11:37:59 GMT-03:00 2026,Tue Jun 09 11:37:59 GMT-03:00 2026,PUT,https://localhost:7194/api/servicos,400,Bad Request,446,150,197
8626,Tue Jun 09 11:37:59 GMT-03:00 2026,Tue Jun 09 11:38:00 GMT-03:00 2026,POST,https://localhost:7194/api/veiculos,400,Bad Request,461,150,205
8627,Tue Jun 09 11:37:59 GMT-03:00 2026,Tue Jun 09 11:38:00 GMT-03:00 2026,PUT,https://localhost:7194/api/insumos,400,Bad Request,351,150,197
8628,Tue Jun 09 11:37:59 GMT-03:00 2026,Tue Jun 09 11:38:00 GMT-03:00 2026,PUT,https://localhost:7194/api/servicos,400,Bad Request,363,150,197
8629,Tue Jun 09 11:37:59 GMT-03:00 2026,Tue Jun 09 11:38:00 GMT-03:00 2026,PUT,https://localhost:7194/api/veiculos,400,Bad Request,474,150,197
8630,Tue Jun 09 11:38:00 GMT-03:00 2026,Tue Jun 09 11:38:00 GMT-03:00 2026,POST,https://localhost:7194/api/veiculos,400,Bad Request,341,150,205
8631,Tue Jun 09 11:38:00 GMT-03:00 2026,Tue Jun 09 11:38:00 GMT-03:00 2026,PUT,https://localhost:7194/api/insumos,400,Bad Request,332,150,197
8632,Tue Jun 09 11:38:00 GMT-03:00 2026,Tue Jun 09 11:38:00 GMT-03:00 2026,PUT,https://localhost:7194/api/servicos,400,Bad Request,427,150,197
8633,Tue Jun 09 11:38:00 GMT-03:00 2026,Tue Jun 09 11:38:00 GMT-03:00 2026,PUT,https://localhost:7194/api/veiculos,400,Bad Request,427,150,197
8634,Tue Jun 09 11:38:00 GMT-03:00 2026,Tue Jun 09 11:38:00 GMT-03:00 2026,POST,https://localhost:7194/api/veiculos,400,Bad Request,359,150,205
8635,Tue Jun 09 11:38:00 GMT-03:00 2026,Tue Jun 09 11:38:00 GMT-03:00 2026,PUT,https://localhost:7194/api/insumos,400,Bad Request,279,150,197
8636,Tue Jun 09 11:38:00 GMT-03:00 2026,Tue Jun 09 11:38:00 GMT-03:00 2026,PUT,https://localhost:7194/api/veiculos,400,Bad Request,298,150,197
8637,Tue Jun 09 11:38:00 GMT-03:00 2026,Tue Jun 09 11:38:00 GMT-03:00 2026,PUT,https://localhost:7194/api/servicos,400,Bad Request,304,150,197
8638,Tue Jun 09 11:38:00 GMT-03:00 2026,Tue Jun 09 11:38:00 GMT-03:00 2026,POST,https://localhost:7194/api/veiculos,400,Bad Request,221,150,205
8639,Tue Jun 09 11:38:00 GMT-03:00 2026,Tue Jun 09 11:38:01 GMT-03:00 2026,PUT,https://localhost:7194/api/insumos,400,Bad Request,313,150,197
8640,Tue Jun 09 11:38:00 GMT-03:00 2026,Tue Jun 09 11:38:01 GMT-03:00 2026,POST,https://localhost:7194/api/veiculos,400,Bad Request,216,150,205
8641,Tue Jun 09 11:38:00 GMT-03:00 2026,Tue Jun 09 11:38:01 GMT-03:00 2026,PUT,https://localhost:7194/api/servicos,400,Bad Request,285,150,197
8642,Tue Jun 09 11:38:00 GMT-03:00 2026,Tue Jun 09 11:38:01 GMT-03:00 2026,PUT,https://localhost:7194/api/veiculos,400,Bad Request,291,150,197
8643,Tue Jun 09 11:38:01 GMT-03:00 2026,Tue Jun 09 11:38:01 GMT-03:00 2026,PUT,https://localhost:7194/api/insumos,400,Bad Request,127,150,197
8644,Tue Jun 09 11:38:01 GMT-03:00 2026,Tue Jun 09 11:38:01 GMT-03:00 2026,POST,https://localhost:7194/api/veiculos,400,Bad Request,180,150,205
8645,Tue Jun 09 11:38:01 GMT-03:00 2026,Tue Jun 09 11:38:01 GMT-03:00 2026,PUT,https://localhost:7194/api/veiculos,400,Bad Request,189,150,197
8646,Tue Jun 09 11:38:01 GMT-03:00 2026,Tue Jun 09 11:38:01 GMT-03:00 2026,POST,https://localhost:7194/api/veiculos,400,Bad Request,61,150,205
8647,Tue Jun 09 11:38:01 GMT-03:00 2026,Tue Jun 09 11:38:01 GMT-03:00 2026,PUT,https://localhost:7194/api/veiculos,400,Bad Request,122,150,197
8648,Tue Jun 09 11:38:01 GMT-03:00 2026,Tue Jun 09 11:38:01 GMT-03:00 2026,POST,https://localhost:7194/api/veiculos,400,Bad Request,112,150,205
8649,Tue Jun 09 11:38:01 GMT-03:00 2026,Tue Jun 09 11:38:01 GMT-03:00 2026,PUT,https://localhost:7194/api/veiculos,400,Bad Request,129,150,197
8650,Tue Jun 09 11:38:01 GMT-03:00 2026,Tue Jun 09 11:38:01 GMT-03:00 2026,POST,https://localhost:7194/api/veiculos,400,Bad Request,123,150,205
8651,Tue Jun 09 11:38:01 GMT-03:00 2026,Tue Jun 09 11:38:01 GMT-03:00 2026,PUT,https://localhost:7194/api/veiculos,400,Bad Request,154,150,197
8652,Tue Jun 09 11:38:01 GMT-03:00 2026,Tue Jun 09 11:38:01 GMT-03:00 2026,POST,https://localhost:7194/api/veiculos,400,Bad Request,162,150,205
8653,Tue Jun 09 11:38:01 GMT-03:00 2026,Tue Jun 09 11:38:01 GMT-03:00 2026,PUT,https://localhost:7194/api/veiculos,400,Bad Request,123,150,197
8654,Tue Jun 09 11:38:01 GMT-03:00 2026,Tue Jun 09 11:38:02 GMT-03:00 2026,POST,https://localhost:7194/api/veiculos,400,Bad Request,150,150,205
8655,Tue Jun 09 11:38:01 GMT-03:00 2026,Tue Jun 09 11:38:02 GMT-03:00 2026,PUT,https://localhost:7194/api/veiculos,400,Bad Request,123,150,197
8656,Tue Jun 09 11:38:02 GMT-03:00 2026,Tue Jun 09 11:38:02 GMT-03:00 2026,POST,https://localhost:7194/api/veiculos,400,Bad Request,88,150,205
8657,Tue Jun 09 11:38:02 GMT-03:00 2026,Tue Jun 09 11:38:02 GMT-03:00 2026,PUT,https://localhost:7194/api/veiculos,400,Bad Request,94,150,197
8658,Tue Jun 09 11:38:02 GMT-03:00 2026,Tue Jun 09 11:38:02 GMT-03:00 2026,POST,https://localhost:7194/api/veiculos,400,Bad Request,118,150,205
8659,Tue Jun 09 11:38:02 GMT-03:00 2026,Tue Jun 09 11:38:02 GMT-03:00 2026,PUT,https://localhost:7194/api/veiculos,400,Bad Request,99,150,197
8660,Tue Jun 09 11:38:02 GMT-03:00 2026,Tue Jun 09 11:38:02 GMT-03:00 2026,PUT,https://localhost:7194/api/veiculos,400,Bad Request,47,150,197
8661,Tue Jun 09 11:38:02 GMT-03:00 2026,Tue Jun 09 11:38:02 GMT-03:00 2026,PUT,https://localhost:7194/api/veiculos,400,Bad Request,51,150,197
8662,Tue Jun 09 11:38:02 GMT-03:00 2026,Tue Jun 09 11:38:02 GMT-03:00 2026,PUT,https://localhost:7194/api/veiculos,400,Bad Request,53,150,197
8663,Tue Jun 09 11:38:02 GMT-03:00 2026,Tue Jun 09 11:38:02 GMT-03:00 2026,PUT,https://localhost:7194/api/veiculos,400,Bad Request,46,150,197
8664,Tue Jun 09 11:38:02 GMT-03:00 2026,Tue Jun 09 11:38:02 GMT-03:00 2026,PUT,https://localhost:7194/api/veiculos,400,Bad Request,48,150,197
8665,Tue Jun 09 11:38:02 GMT-03:00 2026,Tue Jun 09 11:38:02 GMT-03:00 2026,PUT,https://localhost:7194/api/veiculos,400,Bad Request,46,150,197
8666,Tue Jun 09 11:38:02 GMT-03:00 2026,Tue Jun 09 11:38:02 GMT-03:00 2026,DELETE,https://localhost:7194/api/insumos/id,404,Not Found,4,99,0
8667,Tue Jun 09 11:38:02 GMT-03:00 2026,Tue Jun 09 11:38:02 GMT-03:00 2026,DELETE,https://localhost:7194/api/clientes/id,404,Not Found,4,99,0
8668,Tue Jun 09 11:38:02 GMT-03:00 2026,Tue Jun 09 11:38:02 GMT-03:00 2026,POST,https://localhost:7194/api/ordens-servico/id/em-diagnostico,404,Not Found,102,99,0
8669,Tue Jun 09 11:38:02 GMT-03:00 2026,Tue Jun 09 11:38:02 GMT-03:00 2026,POST,https://localhost:7194/api/ordens-servico/id/aprovar-orcamento,404,Not Found,102,99,0
8670,Tue Jun 09 11:38:02 GMT-03:00 2026,Tue Jun 09 11:38:02 GMT-03:00 2026,POST,https://localhost:7194/api/ordens-servico/id/em-execucao,404,Not Found,147,99,0
8671,Tue Jun 09 11:38:02 GMT-03:00 2026,Tue Jun 09 11:38:02 GMT-03:00 2026,POST,https://localhost:7194/api/ordens-servico/id/enviar-orcamento,404,Not Found,266,99,0
8672,Tue Jun 09 11:38:02 GMT-03:00 2026,Tue Jun 09 11:38:02 GMT-03:00 2026,POST,https://localhost:7194/api/ordens-servico/id/gerar-orcamento,404,Not Found,268,99,0
8673,Tue Jun 09 11:38:02 GMT-03:00 2026,Tue Jun 09 11:38:02 GMT-03:00 2026,DELETE,https://localhost:7194/api/ordens-servico/id,404,Not Found,272,99,0
8674,Tue Jun 09 11:38:02 GMT-03:00 2026,Tue Jun 09 11:38:02 GMT-03:00 2026,POST,https://localhost:7194/api/clientes,400,Bad Request,277,149,74
8675,Tue Jun 09 11:38:02 GMT-03:00 2026,Tue Jun 09 11:38:02 GMT-03:00 2026,POST,https://localhost:7194/api/insumos,201,Created,381,229,133
8676,Tue Jun 09 11:38:02 GMT-03:00 2026,Tue Jun 09 11:38:03 GMT-03:00 2026,POST,https://localhost:7194/api/ordens-servico,400,Bad Request,458,150,204
8677,Tue Jun 09 11:38:02 GMT-03:00 2026,Tue Jun 09 11:38:03 GMT-03:00 2026,PUT,https://localhost:7194/api/clientes,400,Bad Request,462,150,197
8678,Tue Jun 09 11:38:02 GMT-03:00 2026,Tue Jun 09 11:38:03 GMT-03:00 2026,PUT,https://localhost:7194/api/insumos,400,Bad Request,470,150,197
8679,Tue Jun 09 11:38:02 GMT-03:00 2026,Tue Jun 09 11:38:03 GMT-03:00 2026,POST,https://localhost:7194/api/ordens-servico/id/entregar,404,Not Found,478,99,0
8680,Tue Jun 09 11:38:02 GMT-03:00 2026,Tue Jun 09 11:38:03 GMT-03:00 2026,DELETE,https://localhost:7194/api/servicos/id,404,Not Found,475,99,0
8681,Tue Jun 09 11:38:02 GMT-03:00 2026,Tue Jun 09 11:38:03 GMT-03:00 2026,POST,https://localhost:7194/api/ordens-servico/id/finalizar,404,Not Found,603,99,0
8682,Tue Jun 09 11:38:02 GMT-03:00 2026,Tue Jun 09 11:38:03 GMT-03:00 2026,GET,https://localhost:7194,301,Moved Permanently,604,129,0
8683,Tue Jun 09 11:38:02 GMT-03:00 2026,Tue Jun 09 11:38:03 GMT-03:00 2026,POST,https://localhost:7194/api/clientes,400,Bad Request,335,149,74
8684,Tue Jun 09 11:38:02 GMT-03:00 2026,Tue Jun 09 11:38:03 GMT-03:00 2026,PUT,https://localhost:7194/api/ordens-servico,400,Bad Request,672,150,197
8685,Tue Jun 09 11:38:03 GMT-03:00 2026,Tue Jun 09 11:38:03 GMT-03:00 2026,GET,https://localhost:7194/api,404,Not Found,167,99,0
8686,Tue Jun 09 11:38:03 GMT-03:00 2026,Tue Jun 09 11:38:03 GMT-03:00 2026,GET,https://localhost:7194/api/insumos/id,404,Not Found,64,99,0
8687,Tue Jun 09 11:38:02 GMT-03:00 2026,Tue Jun 09 11:38:03 GMT-03:00 2026,POST,https://localhost:7194/api/insumos,201,Created,463,229,129
8688,Tue Jun 09 11:38:03 GMT-03:00 2026,Tue Jun 09 11:38:03 GMT-03:00 2026,GET,https://localhost:7194/api/ordens-servico/cliente,404,Not Found,98,99,0
8689,Tue Jun 09 11:38:03 GMT-03:00 2026,Tue Jun 09 11:38:03 GMT-03:00 2026,GET,https://localhost:7194/api/clientes/id,404,Not Found,196,99,0
8690,Tue Jun 09 11:38:03 GMT-03:00 2026,Tue Jun 09 11:38:03 GMT-03:00 2026,PUT,https://localhost:7194/api/insumos,400,Bad Request,506,150,197
8691,Tue Jun 09 11:38:03 GMT-03:00 2026,Tue Jun 09 11:38:03 GMT-03:00 2026,POST,https://localhost:7194/api/ordens-servico,400,Bad Request,522,150,204
8692,Tue Jun 09 11:38:02 GMT-03:00 2026,Tue Jun 09 11:38:03 GMT-03:00 2026,DELETE,https://localhost:7194/api/veiculos/id,404,Not Found,980,99,0
8693,Tue Jun 09 11:38:03 GMT-03:00 2026,Tue Jun 09 11:38:03 GMT-03:00 2026,GET,https://localhost:7194/api/ordens-servico/cliente/clienteId,404,Not Found,109,99,0
8694,Tue Jun 09 11:38:03 GMT-03:00 2026,Tue Jun 09 11:38:03 GMT-03:00 2026,GET,https://localhost:7194/api/ordens-servico/cliente,404,Not Found,109,99,0
8695,Tue Jun 09 11:38:03 GMT-03:00 2026,Tue Jun 09 11:38:03 GMT-03:00 2026,POST,https://localhost:7194/api/insumos,400,Bad Request,155,149,90
8696,Tue Jun 09 11:38:03 GMT-03:00 2026,Tue Jun 09 11:38:03 GMT-03:00 2026,PUT,https://localhost:7194/api/clientes,400,Bad Request,602,150,197
8697,Tue Jun 09 11:38:03 GMT-03:00 2026,Tue Jun 09 11:38:03 GMT-03:00 2026,POST,https://localhost:7194/api/clientes,400,Bad Request,483,149,74
8698,Tue Jun 09 11:38:03 GMT-03:00 2026,Tue Jun 09 11:38:03 GMT-03:00 2026,GET,https://localhost:7194/api/ordens-servico/id/acompanhamento,404,Not Found,302,99,0
8699,Tue Jun 09 11:38:02 GMT-03:00 2026,Tue Jun 09 11:38:03 GMT-03:00 2026,PUT,https://localhost:7194/api/servicos,400,Bad Request,1266,150,197
8700,Tue Jun 09 11:38:02 GMT-03:00 2026,Tue Jun 09 11:38:03 GMT-03:00 2026,PUT,https://localhost:7194/api/veiculos,400,Bad Request,1358,150,197
8701,Tue Jun 09 11:38:02 GMT-03:00 2026,Tue Jun 09 11:38:03 GMT-03:00 2026,POST,https://localhost:7194/api/servicos,400,Bad Request,1358,150,219
8702,Tue Jun 09 11:38:03 GMT-03:00 2026,Tue Jun 09 11:38:03 GMT-03:00 2026,GET,https://localhost:7194/api/ordens-servico/id,404,Not Found,512,99,0
8703,Tue Jun 09 11:38:03 GMT-03:00 2026,Tue Jun 09 11:38:03 GMT-03:00 2026,POST,https://localhost:7194/api/insumos,400,Bad Request,394,149,66
8704,Tue Jun 09 11:38:03 GMT-03:00 2026,Tue Jun 09 11:38:03 GMT-03:00 2026,PUT,https://localhost:7194/api/ordens-servico,400,Bad Request,718,150,197
8705,Tue Jun 09 11:38:03 GMT-03:00 2026,Tue Jun 09 11:38:04 GMT-03:00 2026,PUT,https://localhost:7194/api/insumos,400,Bad Request,569,150,197
8706,Tue Jun 09 11:38:03 GMT-03:00 2026,Tue Jun 09 11:38:04 GMT-03:00 2026,PUT,https://localhost:7194/api/clientes,400,Bad Request,484,150,197
8707,Tue Jun 09 11:38:03 GMT-03:00 2026,Tue Jun 09 11:38:04 GMT-03:00 2026,POST,https://localhost:7194/api/ordens-servico,400,Bad Request,597,150,204
8708,Tue Jun 09 11:38:02 GMT-03:00 2026,Tue Jun 09 11:38:04 GMT-03:00 2026,POST,https://localhost:7194/api/veiculos,400,Bad Request,1605,150,205
8709,Tue Jun 09 11:38:03 GMT-03:00 2026,Tue Jun 09 11:38:04 GMT-03:00 2026,GET,https://localhost:7194/api/servicos/id,404,Not Found,769,99,0
8710,Tue Jun 09 11:38:03 GMT-03:00 2026,Tue Jun 09 11:38:04 GMT-03:00 2026,POST,https://localhost:7194/api/insumos,400,Bad Request,347,149,66
8711,Tue Jun 09 11:38:03 GMT-03:00 2026,Tue Jun 09 11:38:04 GMT-03:00 2026,PUT,https://localhost:7194/api/servicos,400,Bad Request,571,150,197
8712,Tue Jun 09 11:38:03 GMT-03:00 2026,Tue Jun 09 11:38:04 GMT-03:00 2026,POST,https://localhost:7194/api/servicos,400,Bad Request,585,150,219
8713,Tue Jun 09 11:38:03 GMT-03:00 2026,Tue Jun 09 11:38:04 GMT-03:00 2026,GET,https://localhost:7194/api/veiculos,200,OK,1075,142,5536
8714,Tue Jun 09 11:38:04 GMT-03:00 2026,Tue Jun 09 11:38:04 GMT-03:00 2026,POST,https://localhost:7194/api/insumos,400,Bad Request,216,149,66
8715,Tue Jun 09 11:38:03 GMT-03:00 2026,Tue Jun 09 11:38:04 GMT-03:00 2026,PUT,https://localhost:7194/api/veiculos,400,Bad Request,638,150,197
8716,Tue Jun 09 11:38:03 GMT-03:00 2026,Tue Jun 09 11:38:04 GMT-03:00 2026,PUT,https://localhost:7194/api/ordens-servico,400,Bad Request,988,150,197
8717,Tue Jun 09 11:38:04 GMT-03:00 2026,Tue Jun 09 11:38:04 GMT-03:00 2026,PUT,https://localhost:7194/api/clientes,400,Bad Request,843,150,197
8718,Tue Jun 09 11:38:04 GMT-03:00 2026,Tue Jun 09 11:38:05 GMT-03:00 2026,PUT,https://localhost:7194/api/servicos,400,Bad Request,638,150,197
8719,Tue Jun 09 11:38:04 GMT-03:00 2026,Tue Jun 09 11:38:05 GMT-03:00 2026,POST,https://localhost:7194/api/servicos,400,Bad Request,566,150,219
8720,Tue Jun 09 11:38:04 GMT-03:00 2026,Tue Jun 09 11:38:05 GMT-03:00 2026,GET,https://localhost:7194/api/veiculos?clienteId=clienteId,400,Bad Request,557,149,98
8721,Tue Jun 09 11:38:04 GMT-03:00 2026,Tue Jun 09 11:38:05 GMT-03:00 2026,PUT,https://localhost:7194/api/insumos,400,Bad Request,967,150,197
8722,Tue Jun 09 11:38:04 GMT-03:00 2026,Tue Jun 09 11:38:05 GMT-03:00 2026,GET,https://localhost:7194/api/veiculos/id,404,Not Found,557,99,0
8723,Tue Jun 09 11:38:04 GMT-03:00 2026,Tue Jun 09 11:38:05 GMT-03:00 2026,POST,https://localhost:7194/api/veiculos,400,Bad Request,914,150,205
8724,Tue Jun 09 11:38:04 GMT-03:00 2026,Tue Jun 09 11:38:05 GMT-03:00 2026,GET,https://localhost:7194/swagger,404,Not Found,606,99,0
8725,Tue Jun 09 11:38:04 GMT-03:00 2026,Tue Jun 09 11:38:05 GMT-03:00 2026,POST,https://localhost:7194/api/insumos,400,Bad Request,609,149,66
8726,Tue Jun 09 11:38:05 GMT-03:00 2026,Tue Jun 09 11:38:05 GMT-03:00 2026,POST,https://localhost:7194/api/insumos,201,Created,222,229,133
8727,Tue Jun 09 11:38:05 GMT-03:00 2026,Tue Jun 09 11:38:05 GMT-03:00 2026,POST,https://localhost:7194/api/servicos,400,Bad Request,335,150,219
8728,Tue Jun 09 11:38:05 GMT-03:00 2026,Tue Jun 09 11:38:05 GMT-03:00 2026,PUT,https://localhost:7194/api/insumos,400,Bad Request,350,150,197
8729,Tue Jun 09 11:38:04 GMT-03:00 2026,Tue Jun 09 11:38:05 GMT-03:00 2026,PUT,https://localhost:7194/api/veiculos,400,Bad Request,868,150,197
8730,Tue Jun 09 11:38:05 GMT-03:00 2026,Tue Jun 09 11:38:05 GMT-03:00 2026,PUT,https://localhost:7194/api/servicos,400,Bad Request,391,150,197
8731,Tue Jun 09 11:38:05 GMT-03:00 2026,Tue Jun 09 11:38:05 GMT-03:00 2026,POST,https://localhost:7194/api/veiculos,400,Bad Request,403,150,205
8732,Tue Jun 09 11:38:04 GMT-03:00 2026,Tue Jun 09 11:38:05 GMT-03:00 2026,PUT,https://localhost:7194/api/ordens-servico,400,Bad Request,550,150,197
8733,Tue Jun 09 11:38:05 GMT-03:00 2026,Tue Jun 09 11:38:05 GMT-03:00 2026,POST,https://localhost:7194/api/insumos,201,Created,231,229,129
8734,Tue Jun 09 11:38:05 GMT-03:00 2026,Tue Jun 09 11:38:05 GMT-03:00 2026,PUT,https://localhost:7194/api/veiculos,400,Bad Request,182,150,197
8735,Tue Jun 09 11:38:05 GMT-03:00 2026,Tue Jun 09 11:38:05 GMT-03:00 2026,POST,https://localhost:7194/api/insumos,400,Bad Request,67,150,102
8736,Tue Jun 09 11:38:05 GMT-03:00 2026,Tue Jun 09 11:38:05 GMT-03:00 2026,PUT,https://localhost:7194/api/servicos,400,Bad Request,248,150,197
8737,Tue Jun 09 11:38:05 GMT-03:00 2026,Tue Jun 09 11:38:05 GMT-03:00 2026,POST,https://localhost:7194/api/veiculos,400,Bad Request,191,150,205
8738,Tue Jun 09 11:38:05 GMT-03:00 2026,Tue Jun 09 11:38:05 GMT-03:00 2026,PUT,https://localhost:7194/api/veiculos,400,Bad Request,163,150,197
8739,Tue Jun 09 11:38:05 GMT-03:00 2026,Tue Jun 09 11:38:05 GMT-03:00 2026,POST,https://localhost:7194/api/insumos,201,Created,144,229,126
8740,Tue Jun 09 11:38:05 GMT-03:00 2026,Tue Jun 09 11:38:05 GMT-03:00 2026,POST,https://localhost:7194/api/veiculos,400,Bad Request,140,150,205
8741,Tue Jun 09 11:38:05 GMT-03:00 2026,Tue Jun 09 11:38:05 GMT-03:00 2026,PUT,https://localhost:7194/api/veiculos,400,Bad Request,196,150,197
8742,Tue Jun 09 11:38:05 GMT-03:00 2026,Tue Jun 09 11:38:05 GMT-03:00 2026,POST,https://localhost:7194/api/insumos,201,Created,183,229,126
8743,Tue Jun 09 11:38:05 GMT-03:00 2026,Tue Jun 09 11:38:06 GMT-03:00 2026,POST,https://localhost:7194/api/veiculos,400,Bad Request,245,150,205
8744,Tue Jun 09 11:38:05 GMT-03:00 2026,Tue Jun 09 11:38:06 GMT-03:00 2026,PUT,https://localhost:7194/api/veiculos,400,Bad Request,136,150,197
8745,Tue Jun 09 11:38:05 GMT-03:00 2026,Tue Jun 09 11:38:06 GMT-03:00 2026,POST,https://localhost:7194/api/insumos,500,Internal Server Error,508,159,38
8746,Tue Jun 09 11:38:06 GMT-03:00 2026,Tue Jun 09 11:38:06 GMT-03:00 2026,POST,https://localhost:7194/api/insumos,201,Created,20,229,126
8747,Tue Jun 09 11:38:06 GMT-03:00 2026,Tue Jun 09 11:38:06 GMT-03:00 2026,POST,https://localhost:7194/api/insumos,201,Created,7,229,133
8748,Tue Jun 09 11:38:06 GMT-03:00 2026,Tue Jun 09 11:38:06 GMT-03:00 2026,POST,https://localhost:7194/api/insumos,400,Bad Request,61,150,216
8749,Tue Jun 09 11:38:06 GMT-03:00 2026,Tue Jun 09 11:38:06 GMT-03:00 2026,POST,https://localhost:7194/api/insumos,400,Bad Request,68,150,216
8750,Tue Jun 09 11:38:06 GMT-03:00 2026,Tue Jun 09 11:38:06 GMT-03:00 2026,POST,https://localhost:7194/api/insumos,400,Bad Request,58,150,216
8751,Tue Jun 09 11:38:06 GMT-03:00 2026,Tue Jun 09 11:38:06 GMT-03:00 2026,POST,https://localhost:7194/api/insumos,400,Bad Request,57,150,216
8752,Tue Jun 09 11:38:06 GMT-03:00 2026,Tue Jun 09 11:38:06 GMT-03:00 2026,POST,https://localhost:7194/api/insumos,400,Bad Request,57,150,216
8753,Tue Jun 09 11:38:06 GMT-03:00 2026,Tue Jun 09 11:38:06 GMT-03:00 2026,POST,https://localhost:7194/api/insumos,400,Bad Request,54,150,216
8754,Tue Jun 09 11:38:06 GMT-03:00 2026,Tue Jun 09 11:38:06 GMT-03:00 2026,POST,https://localhost:7194/api/insumos,201,Created,2,229,133
8755,Tue Jun 09 11:38:06 GMT-03:00 2026,Tue Jun 09 11:38:06 GMT-03:00 2026,POST,https://localhost:7194/api/insumos,400,Bad Request,44,150,211
8756,Tue Jun 09 11:38:06 GMT-03:00 2026,Tue Jun 09 11:38:06 GMT-03:00 2026,POST,https://localhost:7194/api/insumos,400,Bad Request,43,150,211
8757,Tue Jun 09 11:38:06 GMT-03:00 2026,Tue Jun 09 11:38:07 GMT-03:00 2026,POST,https://localhost:7194/api/insumos,400,Bad Request,52,150,211
8758,Tue Jun 09 11:38:07 GMT-03:00 2026,Tue Jun 09 11:38:07 GMT-03:00 2026,POST,https://localhost:7194/api/insumos,400,Bad Request,61,150,211
8759,Tue Jun 09 11:38:07 GMT-03:00 2026,Tue Jun 09 11:38:07 GMT-03:00 2026,POST,https://localhost:7194/api/insumos,400,Bad Request,67,150,211
8760,Tue Jun 09 11:38:07 GMT-03:00 2026,Tue Jun 09 11:38:07 GMT-03:00 2026,POST,https://localhost:7194/api/insumos,400,Bad Request,59,150,211
8761,Tue Jun 09 11:38:07 GMT-03:00 2026,Tue Jun 09 11:38:07 GMT-03:00 2026,GET,https://localhost:7194/api/clientes/actuator/health,404,Not Found,0,99,0
8762,Tue Jun 09 11:38:07 GMT-03:00 2026,Tue Jun 09 11:38:07 GMT-03:00 2026,GET,https://localhost:7194/api/clientes/actuator/health,404,Not Found,0,99,0
8763,Tue Jun 09 11:38:07 GMT-03:00 2026,Tue Jun 09 11:38:07 GMT-03:00 2026,GET,https://localhost:7194,301,Moved Permanently,5,129,0
8764,Tue Jun 09 11:38:07 GMT-03:00 2026,Tue Jun 09 11:38:07 GMT-03:00 2026,GET,https://localhost:7194/api,404,Not Found,0,99,0
8765,Tue Jun 09 11:38:07 GMT-03:00 2026,Tue Jun 09 11:38:07 GMT-03:00 2026,GET,https://localhost:7194/api/ordens-servico/cliente,404,Not Found,2,99,0
8766,Tue Jun 09 11:38:07 GMT-03:00 2026,Tue Jun 09 11:38:07 GMT-03:00 2026,GET,https://localhost:7194/api/veiculos,200,OK,4,142,5536
8767,Tue Jun 09 11:38:07 GMT-03:00 2026,Tue Jun 09 11:38:07 GMT-03:00 2026,GET,https://localhost:7194/swagger,404,Not Found,4,99,0
8768,Tue Jun 09 11:38:07 GMT-03:00 2026,Tue Jun 09 11:38:07 GMT-03:00 2026,DELETE,https://localhost:7194/api/insumos/%3C,404,Not Found,1,99,0
8769,Tue Jun 09 11:38:07 GMT-03:00 2026,Tue Jun 09 11:38:07 GMT-03:00 2026,POST,https://localhost:7194/api/ordens-servico/%3C/aprovar-orcamento,404,Not Found,1,99,0
8770,Tue Jun 09 11:38:07 GMT-03:00 2026,Tue Jun 09 11:38:07 GMT-03:00 2026,DELETE,https://localhost:7194/api/insumos/%3Cxsl%3Avalue-of+select%3D%22system-property%28%27xsl%3Avendor%27%29%22%2F%3E,404,Not Found,0,99,0
8771,Tue Jun 09 11:38:07 GMT-03:00 2026,Tue Jun 09 11:38:07 GMT-03:00 2026,DELETE,https://localhost:7194/api/insumos/system-property%28%27xsl%3Avendor%27%29%2F%3E,404,Not Found,2,99,0
8772,Tue Jun 09 11:38:07 GMT-03:00 2026,Tue Jun 09 11:38:07 GMT-03:00 2026,POST,https://localhost:7194/api/ordens-servico/%3C/finalizar,404,Not Found,13,99,0
8773,Tue Jun 09 11:38:07 GMT-03:00 2026,Tue Jun 09 11:38:07 GMT-03:00 2026,DELETE,https://localhost:7194/api/clientes/%3C,404,Not Found,17,99,0
8774,Tue Jun 09 11:38:07 GMT-03:00 2026,Tue Jun 09 11:38:07 GMT-03:00 2026,DELETE,https://localhost:7194/api/ordens-servico/%3C,404,Not Found,137,99,0
8775,Tue Jun 09 11:38:07 GMT-03:00 2026,Tue Jun 09 11:38:07 GMT-03:00 2026,POST,https://localhost:7194/api/ordens-servico/%3C/em-execucao,404,Not Found,135,99,0
8776,Tue Jun 09 11:38:07 GMT-03:00 2026,Tue Jun 09 11:38:07 GMT-03:00 2026,POST,https://localhost:7194/api/ordens-servico/%3Cxsl%3Avalue-of+select%3D%22system-property%28%27xsl%3Avendor%27%29%22%2F%3E/finalizar,404,Not Found,120,99,0
8777,Tue Jun 09 11:38:07 GMT-03:00 2026,Tue Jun 09 11:38:07 GMT-03:00 2026,POST,https://localhost:7194/api/ordens-servico/%3C/em-diagnostico,404,Not Found,135,99,0
8778,Tue Jun 09 11:38:07 GMT-03:00 2026,Tue Jun 09 11:38:07 GMT-03:00 2026,DELETE,https://localhost:7194/api/clientes/%3Cxsl%3Avalue-of+select%3D%22system-property%28%27xsl%3Avendor%27%29%22%2F%3E,404,Not Found,120,99,0
8779,Tue Jun 09 11:38:07 GMT-03:00 2026,Tue Jun 09 11:38:07 GMT-03:00 2026,POST,https://localhost:7194/api/ordens-servico/%3C/enviar-orcamento,404,Not Found,171,99,0
8780,Tue Jun 09 11:38:07 GMT-03:00 2026,Tue Jun 09 11:38:07 GMT-03:00 2026,POST,https://localhost:7194/api/ordens-servico/%3Cxsl%3Avalue-of+select%3D%22system-property%28%27xsl%3Avendor%27%29%22%2F%3E/aprovar-orcamento,404,Not Found,171,99,0
8781,Tue Jun 09 11:38:07 GMT-03:00 2026,Tue Jun 09 11:38:07 GMT-03:00 2026,POST,https://localhost:7194/api/ordens-servico/%3C/entregar,404,Not Found,175,99,0
8782,Tue Jun 09 11:38:07 GMT-03:00 2026,Tue Jun 09 11:38:07 GMT-03:00 2026,POST,https://localhost:7194/api/ordens-servico/%3Cxsl%3Avalue-of+select%3D%22system-property%28%27xsl%3Avendor%27%29%22%2F%3E/em-diagnostico,404,Not Found,40,99,0
8783,Tue Jun 09 11:38:07 GMT-03:00 2026,Tue Jun 09 11:38:07 GMT-03:00 2026,DELETE,https://localhost:7194/api/ordens-servico/%3Cxsl%3Avalue-of+select%3D%22system-property%28%27xsl%3Avendor%27%29%22%2F%3E,404,Not Found,41,99,0
8784,Tue Jun 09 11:38:07 GMT-03:00 2026,Tue Jun 09 11:38:07 GMT-03:00 2026,POST,https://localhost:7194/api/ordens-servico/system-property%28%27xsl%3Avendor%27%29%2F%3E/finalizar,404,Not Found,41,99,0
8785,Tue Jun 09 11:38:07 GMT-03:00 2026,Tue Jun 09 11:38:07 GMT-03:00 2026,POST,https://localhost:7194/api/ordens-servico/%3C/gerar-orcamento,404,Not Found,179,99,0
8786,Tue Jun 09 11:38:07 GMT-03:00 2026,Tue Jun 09 11:38:07 GMT-03:00 2026,DELETE,https://localhost:7194/api/insumos/%22%2F%3E%3Cxsl%3Avalue-of+select%3D%22system-property%28%27xsl%3Avendor%27%29%22%2F%3E%3C%21--,404,Not Found,179,99,0
8787,Tue Jun 09 11:38:07 GMT-03:00 2026,Tue Jun 09 11:38:07 GMT-03:00 2026,DELETE,https://localhost:7194/api/servicos/%3C,404,Not Found,179,99,0
8788,Tue Jun 09 11:38:07 GMT-03:00 2026,Tue Jun 09 11:38:07 GMT-03:00 2026,POST,https://localhost:7194/api/ordens-servico/%3Cxsl%3Avalue-of+select%3D%22system-property%28%27xsl%3Avendor%27%29%22%2F%3E/em-execucao,404,Not Found,47,99,0
8789,Tue Jun 09 11:38:07 GMT-03:00 2026,Tue Jun 09 11:38:07 GMT-03:00 2026,POST,https://localhost:7194/api/ordens-servico/system-property%28%27xsl%3Avendor%27%29%2F%3E/em-diagnostico,404,Not Found,7,99,0
8790,Tue Jun 09 11:38:07 GMT-03:00 2026,Tue Jun 09 11:38:07 GMT-03:00 2026,POST,https://localhost:7194/api/clientes,400,Bad Request,185,149,74
8791,Tue Jun 09 11:38:07 GMT-03:00 2026,Tue Jun 09 11:38:07 GMT-03:00 2026,DELETE,https://localhost:7194/api/clientes/system-property%28%27xsl%3Avendor%27%29%2F%3E,404,Not Found,47,99,0
8792,Tue Jun 09 11:38:07 GMT-03:00 2026,Tue Jun 09 11:38:07 GMT-03:00 2026,POST,https://localhost:7194/api/ordens-servico/%22%2F%3E%3Cxsl%3Avalue-of+select%3D%22system-property%28%27xsl%3Avendor%27%29%22%2F%3E%3C%21--/finalizar,404,Not Found,56,99,0
8793,Tue Jun 09 11:38:07 GMT-03:00 2026,Tue Jun 09 11:38:07 GMT-03:00 2026,DELETE,https://localhost:7194/api/insumos/%3Cxsl%3Avalue-of+select%3D%22system-property%28%27xsl%3Avendor%27%29%22%2F%3E%3C%21--,404,Not Found,64,99,0
8794,Tue Jun 09 11:38:07 GMT-03:00 2026,Tue Jun 09 11:38:07 GMT-03:00 2026,DELETE,https://localhost:7194/api/servicos/%3Cxsl%3Avalue-of+select%3D%22system-property%28%27xsl%3Avendor%27%29%22%2F%3E,404,Not Found,64,99,0
8795,Tue Jun 09 11:38:07 GMT-03:00 2026,Tue Jun 09 11:38:07 GMT-03:00 2026,DELETE,https://localhost:7194/api/ordens-servico/system-property%28%27xsl%3Avendor%27%29%2F%3E,404,Not Found,70,99,0
8796,Tue Jun 09 11:38:07 GMT-03:00 2026,Tue Jun 09 11:38:07 GMT-03:00 2026,POST,https://localhost:7194/api/ordens-servico/system-property%28%27xsl%3Avendor%27%29%2F%3E/aprovar-orcamento,404,Not Found,75,99,0
8797,Tue Jun 09 11:38:07 GMT-03:00 2026,Tue Jun 09 11:38:07 GMT-03:00 2026,POST,https://localhost:7194/api/insumos,400,Bad Request,279,149,66
8798,Tue Jun 09 11:38:07 GMT-03:00 2026,Tue Jun 09 11:38:07 GMT-03:00 2026,POST,https://localhost:7194/api/ordens-servico/%3Cxsl%3Avalue-of+select%3D%22system-property%28%27xsl%3Avendor%27%29%22%2F%3E/enviar-orcamento,404,Not Found,107,99,0
8799,Tue Jun 09 11:38:07 GMT-03:00 2026,Tue Jun 09 11:38:07 GMT-03:00 2026,POST,https://localhost:7194/api/ordens-servico/%3Cxsl%3Avalue-of+select%3D%22system-property%28%27xsl%3Avendor%27%29%22%2F%3E/entregar,404,Not Found,108,99,0
8800,Tue Jun 09 11:38:07 GMT-03:00 2026,Tue Jun 09 11:38:07 GMT-03:00 2026,POST,https://localhost:7194/api/ordens-servico/%22%2F%3E%3Cxsl%3Avalue-of+select%3D%22system-property%28%27xsl%3Avendor%27%29%22%2F%3E%3C%21--/aprovar-orcamento,404,Not Found,66,99,0
8801,Tue Jun 09 11:38:07 GMT-03:00 2026,Tue Jun 09 11:38:07 GMT-03:00 2026,POST,https://localhost:7194/api/ordens-servico/system-property%28%27xsl%3Avendor%27%29%2F%3E/em-execucao,404,Not Found,130,99,0
8802,Tue Jun 09 11:38:07 GMT-03:00 2026,Tue Jun 09 11:38:07 GMT-03:00 2026,POST,https://localhost:7194/api/ordens-servico/%22%2F%3E%3Cxsl%3Avalue-of+select%3D%22system-property%28%27xsl%3Avendor%27%29%22%2F%3E%3C%21--/em-diagnostico,404,Not Found,130,99,0
8803,Tue Jun 09 11:38:07 GMT-03:00 2026,Tue Jun 09 11:38:07 GMT-03:00 2026,DELETE,https://localhost:7194/api/clientes/%22%2F%3E%3Cxsl%3Avalue-of+select%3D%22system-property%28%27xsl%3Avendor%27%29%22%2F%3E%3C%21--,404,Not Found,129,99,0
8804,Tue Jun 09 11:38:07 GMT-03:00 2026,Tue Jun 09 11:38:07 GMT-03:00 2026,POST,https://localhost:7194/api/ordens-servico/%3Cxsl%3Avalue-of+select%3D%22system-property%28%27xsl%3Avendor%27%29%22%2F%3E/gerar-orcamento,404,Not Found,147,99,0
8805,Tue Jun 09 11:38:07 GMT-03:00 2026,Tue Jun 09 11:38:07 GMT-03:00 2026,DELETE,https://localhost:7194/api/servicos/system-property%28%27xsl%3Avendor%27%29%2F%3E,404,Not Found,82,99,0
8806,Tue Jun 09 11:38:07 GMT-03:00 2026,Tue Jun 09 11:38:07 GMT-03:00 2026,POST,https://localhost:7194/api/ordens-servico/%3Cxsl%3Avalue-of+select%3D%22system-property%28%27xsl%3Avendor%27%29%22%2F%3E%3C%21--/finalizar,404,Not Found,96,99,0
8807,Tue Jun 09 11:38:07 GMT-03:00 2026,Tue Jun 09 11:38:07 GMT-03:00 2026,DELETE,https://localhost:7194/api/ordens-servico/%22%2F%3E%3Cxsl%3Avalue-of+select%3D%22system-property%28%27xsl%3Avendor%27%29%22%2F%3E%3C%21--,404,Not Found,85,99,0
8808,Tue Jun 09 11:38:07 GMT-03:00 2026,Tue Jun 09 11:38:07 GMT-03:00 2026,PUT,https://localhost:7194/api/insumos,400,Bad Request,333,150,196
8809,Tue Jun 09 11:38:07 GMT-03:00 2026,Tue Jun 09 11:38:07 GMT-03:00 2026,PUT,https://localhost:7194/api/clientes,400,Bad Request,333,150,196
8810,Tue Jun 09 11:38:07 GMT-03:00 2026,Tue Jun 09 11:38:07 GMT-03:00 2026,DELETE,https://localhost:7194/api/servicos/%22%2F%3E%3Cxsl%3Avalue-of+select%3D%22system-property%28%27xsl%3Avendor%27%29%22%2F%3E%3C%21--,404,Not Found,68,99,0
8811,Tue Jun 09 11:38:07 GMT-03:00 2026,Tue Jun 09 11:38:07 GMT-03:00 2026,POST,https://localhost:7194/api/ordens-servico/system-property%28%27xsl%3Avendor%27%29%2F%3E/gerar-orcamento,404,Not Found,68,99,0
8812,Tue Jun 09 11:38:07 GMT-03:00 2026,Tue Jun 09 11:38:07 GMT-03:00 2026,POST,https://localhost:7194/api/ordens-servico/%3Cxsl%3Avalue-of+select%3D%22system-property%28%27xsl%3Avendor%27%29%22%2F%3E%3C%21--/aprovar-orcamento,404,Not Found,87,99,0
8813,Tue Jun 09 11:38:07 GMT-03:00 2026,Tue Jun 09 11:38:07 GMT-03:00 2026,POST,https://localhost:7194/api/ordens-servico/%22%2F%3E%3Cxsl%3Avalue-of+select%3D%22system-property%28%27xsl%3Avendor%27%29%22%2F%3E%3C%21--/em-execucao,404,Not Found,128,99,0
8814,Tue Jun 09 11:38:07 GMT-03:00 2026,Tue Jun 09 11:38:07 GMT-03:00 2026,POST,https://localhost:7194/api/ordens-servico/system-property%28%27xsl%3Avendor%27%29%2F%3E/entregar,404,Not Found,157,99,0
8815,Tue Jun 09 11:38:07 GMT-03:00 2026,Tue Jun 09 11:38:07 GMT-03:00 2026,DELETE,https://localhost:7194/api/insumos/%3Cxsl%3Avalue-of+select%3D%22document%28%27http%3A%2F%2Flocalhost%3A22%27%29%22%2F%3E,404,Not Found,194,99,0
8816,Tue Jun 09 11:38:07 GMT-03:00 2026,Tue Jun 09 11:38:07 GMT-03:00 2026,DELETE,https://localhost:7194/api/clientes/%3Cxsl%3Avalue-of+select%3D%22system-property%28%27xsl%3Avendor%27%29%22%2F%3E%3C%21--,404,Not Found,128,99,0
8817,Tue Jun 09 11:38:07 GMT-03:00 2026,Tue Jun 09 11:38:07 GMT-03:00 2026,DELETE,https://localhost:7194/api/ordens-servico/%3Cxsl%3Avalue-of+select%3D%22system-property%28%27xsl%3Avendor%27%29%22%2F%3E%3C%21--,404,Not Found,109,99,0
8818,Tue Jun 09 11:38:07 GMT-03:00 2026,Tue Jun 09 11:38:07 GMT-03:00 2026,POST,https://localhost:7194/api/ordens-servico/%3Cxsl%3Avalue-of+select%3D%22system-property%28%27xsl%3Avendor%27%29%22%2F%3E%3C%21--/em-diagnostico,404,Not Found,133,99,0
8819,Tue Jun 09 11:38:07 GMT-03:00 2026,Tue Jun 09 11:38:07 GMT-03:00 2026,POST,https://localhost:7194/api/ordens-servico/%22%2F%3E%3Cxsl%3Avalue-of+select%3D%22system-property%28%27xsl%3Avendor%27%29%22%2F%3E%3C%21--/gerar-orcamento,404,Not Found,84,99,0
8820,Tue Jun 09 11:38:07 GMT-03:00 2026,Tue Jun 09 11:38:07 GMT-03:00 2026,POST,https://localhost:7194/api/ordens-servico/%22%2F%3E%3Cxsl%3Avalue-of+select%3D%22system-property%28%27xsl%3Avendor%27%29%22%2F%3E%3C%21--/entregar,404,Not Found,44,99,0
8821,Tue Jun 09 11:38:07 GMT-03:00 2026,Tue Jun 09 11:38:07 GMT-03:00 2026,POST,https://localhost:7194/api/ordens-servico/%3Cxsl%3Avalue-of+select%3D%22document%28%27http%3A%2F%2Flocalhost%3A22%27%29%22%2F%3E/finalizar,404,Not Found,153,99,0
8822,Tue Jun 09 11:38:07 GMT-03:00 2026,Tue Jun 09 11:38:07 GMT-03:00 2026,GET,https://localhost:7194,301,Moved Permanently,490,129,0
8823,Tue Jun 09 11:38:07 GMT-03:00 2026,Tue Jun 09 11:38:07 GMT-03:00 2026,DELETE,https://localhost:7194/api/servicos/%3Cxsl%3Avalue-of+select%3D%22system-property%28%27xsl%3Avendor%27%29%22%2F%3E%3C%21--,404,Not Found,96,99,0
8824,Tue Jun 09 11:38:07 GMT-03:00 2026,Tue Jun 09 11:38:07 GMT-03:00 2026,POST,https://localhost:7194/api/ordens-servico/%3Cxsl%3Avalue-of+select%3D%22document%28%27http%3A%2F%2Flocalhost%3A22%27%29%22%2F%3E/em-diagnostico,404,Not Found,58,99,0
8825,Tue Jun 09 11:38:07 GMT-03:00 2026,Tue Jun 09 11:38:07 GMT-03:00 2026,DELETE,https://localhost:7194/api/ordens-servico/%3Cxsl%3Avalue-of+select%3D%22document%28%27http%3A%2F%2Flocalhost%3A22%27%29%22%2F%3E,404,Not Found,110,99,0
8826,Tue Jun 09 11:38:07 GMT-03:00 2026,Tue Jun 09 11:38:07 GMT-03:00 2026,POST,https://localhost:7194/api/ordens-servico/%3Cxsl%3Avalue-of+select%3D%22document%28%27http%3A%2F%2Flocalhost%3A22%27%29%22%2F%3E/aprovar-orcamento,404,Not Found,151,99,0
8827,Tue Jun 09 11:38:07 GMT-03:00 2026,Tue Jun 09 11:38:07 GMT-03:00 2026,DELETE,https://localhost:7194/api/clientes/%3Cxsl%3Avalue-of+select%3D%22document%28%27http%3A%2F%2Flocalhost%3A22%27%29%22%2F%3E,404,Not Found,110,99,0
8828,Tue Jun 09 11:38:07 GMT-03:00 2026,Tue Jun 09 11:38:07 GMT-03:00 2026,POST,https://localhost:7194/api/ordens-servico,400,Bad Request,548,150,204
8829,Tue Jun 09 11:38:07 GMT-03:00 2026,Tue Jun 09 11:38:07 GMT-03:00 2026,DELETE,https://localhost:7194/api/insumos/%3Cxsl%3Avariable+name%3D%22rtobject%22+select%3D%22runtime%3AgetRuntime%28%29%22%2F%3E%0A%3Cxsl%3Avariable+name%3D%22process%22+select%3D%22runtime%3Aexec%28%24rtobject%2C%27erroneous_command%27%29%22%2F%3E%0A%3Cxsl%3Avariable+name%3D%22waiting%22+select%3D%22process%3AwaitFor%28%24process%29%22%2F%3E%0A%3Cxsl%3Avalue-of+select%3D%22%24process%22%2F%3E,404,Not Found,110,99,0
8830,Tue Jun 09 11:38:07 GMT-03:00 2026,Tue Jun 09 11:38:07 GMT-03:00 2026,POST,https://localhost:7194/api/ordens-servico/%3Cxsl%3Avariable+name%3D%22rtobject%22+select%3D%22runtime%3AgetRuntime%28%29%22%2F%3E%0A%3Cxsl%3Avariable+name%3D%22process%22+select%3D%22runtime%3Aexec%28%24rtobject%2C%27erroneous_command%27%29%22%2F%3E%0A%3Cxsl%3Avariable+name%3D%22waiting%22+select%3D%22process%3AwaitFor%28%24process%29%22%2F%3E%0A%3Cxsl%3Avalue-of+select%3D%22%24process%22%2F%3E/finalizar,404,Not Found,82,99,0
8831,Tue Jun 09 11:38:07 GMT-03:00 2026,Tue Jun 09 11:38:07 GMT-03:00 2026,GET,https://localhost:7194/api,404,Not Found,71,99,0
8832,Tue Jun 09 11:38:07 GMT-03:00 2026,Tue Jun 09 11:38:07 GMT-03:00 2026,POST,https://localhost:7194/api/ordens-servico/%3Cxsl%3Avalue-of+select%3D%22system-property%28%27xsl%3Avendor%27%29%22%2F%3E%3C%21--/gerar-orcamento,404,Not Found,89,99,0
8833,Tue Jun 09 11:38:07 GMT-03:00 2026,Tue Jun 09 11:38:07 GMT-03:00 2026,POST,https://localhost:7194/api/ordens-servico/%3Cxsl%3Avalue-of+select%3D%22system-property%28%27xsl%3Avendor%27%29%22%2F%3E%3C%21--/entregar,404,Not Found,89,99,0
8834,Tue Jun 09 11:38:07 GMT-03:00 2026,Tue Jun 09 11:38:07 GMT-03:00 2026,DELETE,https://localhost:7194/api/clientes/%3Cxsl%3Avariable+name%3D%22rtobject%22+select%3D%22runtime%3AgetRuntime%28%29%22%2F%3E%0A%3Cxsl%3Avariable+name%3D%22process%22+select%3D%22runtime%3Aexec%28%24rtobject%2C%27erroneous_command%27%29%22%2F%3E%0A%3Cxsl%3Avariable+name%3D%22waiting%22+select%3D%22process%3AwaitFor%28%24process%29%22%2F%3E%0A%3Cxsl%3Avalue-of+select%3D%22%24process%22%2F%3E,404,Not Found,22,99,0
8835,Tue Jun 09 11:38:07 GMT-03:00 2026,Tue Jun 09 11:38:07 GMT-03:00 2026,POST,https://localhost:7194/api/ordens-servico/%3Cxsl%3Avariable+name%3D%22rtobject%22+select%3D%22runtime%3AgetRuntime%28%29%22%2F%3E%0A%3Cxsl%3Avariable+name%3D%22process%22+select%3D%22runtime%3Aexec%28%24rtobject%2C%27erroneous_command%27%29%22%2F%3E%0A%3Cxsl%3Avariable+name%3D%22waiting%22+select%3D%22process%3AwaitFor%28%24process%29%22%2F%3E%0A%3Cxsl%3Avalue-of+select%3D%22%24process%22%2F%3E/aprovar-orcamento,404,Not Found,22,99,0
8836,Tue Jun 09 11:38:07 GMT-03:00 2026,Tue Jun 09 11:38:07 GMT-03:00 2026,DELETE,https://localhost:7194/api/ordens-servico/%3Cxsl%3Avariable+name%3D%22rtobject%22+select%3D%22runtime%3AgetRuntime%28%29%22%2F%3E%0A%3Cxsl%3Avariable+name%3D%22process%22+select%3D%22runtime%3Aexec%28%24rtobject%2C%27erroneous_command%27%29%22%2F%3E%0A%3Cxsl%3Avariable+name%3D%22waiting%22+select%3D%22process%3AwaitFor%28%24process%29%22%2F%3E%0A%3Cxsl%3Avalue-of+select%3D%22%24process%22%2F%3E,404,Not Found,27,99,0
8837,Tue Jun 09 11:38:07 GMT-03:00 2026,Tue Jun 09 11:38:07 GMT-03:00 2026,DELETE,https://localhost:7194/api/servicos/%3Cxsl%3Avalue-of+select%3D%22document%28%27http%3A%2F%2Flocalhost%3A22%27%29%22%2F%3E,404,Not Found,83,99,0
8838,Tue Jun 09 11:38:07 GMT-03:00 2026,Tue Jun 09 11:38:07 GMT-03:00 2026,POST,https://localhost:7194/api/ordens-servico/%3Cxsl%3Avalue-of+select%3D%22system-property%28%27xsl%3Avendor%27%29%22%2F%3E%3C%21--/em-execucao,404,Not Found,138,99,0
8839,Tue Jun 09 11:38:07 GMT-03:00 2026,Tue Jun 09 11:38:07 GMT-03:00 2026,POST,https://localhost:7194/api/ordens-servico/%3Cxsl%3Avariable+name%3D%22rtobject%22+select%3D%22runtime%3AgetRuntime%28%29%22%2F%3E%0A%3Cxsl%3Avariable+name%3D%22process%22+select%3D%22runtime%3Aexec%28%24rtobject%2C%27erroneous_command%27%29%22%2F%3E%0A%3Cxsl%3Avariable+name%3D%22waiting%22+select%3D%22process%3AwaitFor%28%24process%29%22%2F%3E%0A%3Cxsl%3Avalue-of+select%3D%22%24process%22%2F%3E/em-diagnostico,404,Not Found,148,99,0
8840,Tue Jun 09 11:38:07 GMT-03:00 2026,Tue Jun 09 11:38:07 GMT-03:00 2026,POST,https://localhost:7194/api/ordens-servico/%3Cxsl%3Avalue-of+select%3D%22document%28%27http%3A%2F%2Flocalhost%3A22%27%29%22%2F%3E/entregar,404,Not Found,111,99,0
8841,Tue Jun 09 11:38:07 GMT-03:00 2026,Tue Jun 09 11:38:07 GMT-03:00 2026,POST,https://localhost:7194/api/ordens-servico/%3Cxsl%3Avalue-of+select%3D%22php%3Afunction%28%27exec%27%2C%27erroneous_command+2%3E%26amp%3B1%27%29%22%2F%3E/finalizar,404,Not Found,130,99,0
8842,Tue Jun 09 11:38:07 GMT-03:00 2026,Tue Jun 09 11:38:07 GMT-03:00 2026,DELETE,https://localhost:7194/api/servicos/%3Cxsl%3Avariable+name%3D%22rtobject%22+select%3D%22runtime%3AgetRuntime%28%29%22%2F%3E%0A%3Cxsl%3Avariable+name%3D%22process%22+select%3D%22runtime%3Aexec%28%24rtobject%2C%27erroneous_command%27%29%22%2F%3E%0A%3Cxsl%3Avariable+name%3D%22waiting%22+select%3D%22process%3AwaitFor%28%24process%29%22%2F%3E%0A%3Cxsl%3Avalue-of+select%3D%22%24process%22%2F%3E,404,Not Found,118,99,0
8843,Tue Jun 09 11:38:07 GMT-03:00 2026,Tue Jun 09 11:38:07 GMT-03:00 2026,DELETE,https://localhost:7194/api/clientes/%3Cxsl%3Avalue-of+select%3D%22php%3Afunction%28%27exec%27%2C%27erroneous_command+2%3E%26amp%3B1%27%29%22%2F%3E,404,Not Found,138,99,0
8844,Tue Jun 09 11:38:07 GMT-03:00 2026,Tue Jun 09 11:38:07 GMT-03:00 2026,DELETE,https://localhost:7194/api/veiculos/%3C,404,Not Found,706,99,0
8845,Tue Jun 09 11:38:07 GMT-03:00 2026,Tue Jun 09 11:38:07 GMT-03:00 2026,POST,https://localhost:7194/api/ordens-servico/%3Cxsl%3Avalue-of+select%3D%22document%28%27http%3A%2F%2Flocalhost%3A22%27%29%22%2F%3E/em-execucao,404,Not Found,133,99,0
8846,Tue Jun 09 11:38:07 GMT-03:00 2026,Tue Jun 09 11:38:07 GMT-03:00 2026,POST,https://localhost:7194/api/ordens-servico/%3Cxsl%3Avalue-of+select%3D%22php%3Afunction%28%27exec%27%2C%27erroneous_command+2%3E%26amp%3B1%27%29%22%2F%3E/aprovar-orcamento,404,Not Found,135,99,0
8847,Tue Jun 09 11:38:07 GMT-03:00 2026,Tue Jun 09 11:38:07 GMT-03:00 2026,DELETE,https://localhost:7194/api/ordens-servico/%3Cxsl%3Avalue-of+select%3D%22php%3Afunction%28%27exec%27%2C%27erroneous_command+2%3E%26amp%3B1%27%29%22%2F%3E,404,Not Found,133,99,0
8848,Tue Jun 09 11:38:07 GMT-03:00 2026,Tue Jun 09 11:38:07 GMT-03:00 2026,POST,https://localhost:7194/api/ordens-servico/%3Cxsl%3Avalue-of+select%3D%22document%28%27http%3A%2F%2Flocalhost%3A22%27%29%22%2F%3E/gerar-orcamento,404,Not Found,138,99,0
8849,Tue Jun 09 11:38:07 GMT-03:00 2026,Tue Jun 09 11:38:07 GMT-03:00 2026,GET,https://localhost:7194/api/clientes/%3C,404,Not Found,142,99,0
8850,Tue Jun 09 11:38:07 GMT-03:00 2026,Tue Jun 09 11:38:07 GMT-03:00 2026,PUT,https://localhost:7194/api/ordens-servico,400,Bad Request,711,150,196
8851,Tue Jun 09 11:38:07 GMT-03:00 2026,Tue Jun 09 11:38:07 GMT-03:00 2026,POST,https://localhost:7194/api/insumos,201,Created,436,229,181
8852,Tue Jun 09 11:38:07 GMT-03:00 2026,Tue Jun 09 11:38:07 GMT-03:00 2026,POST,https://localhost:7194/api/ordens-servico/%3Cxsl%3Avalue-of+select%3D%22php%3Afunction%28%27exec%27%2C%27erroneous_command+2%3E%26amp%3B1%27%29%22%2F%3E/em-diagnostico,404,Not Found,63,99,0
8853,Tue Jun 09 11:38:07 GMT-03:00 2026,Tue Jun 09 11:38:07 GMT-03:00 2026,PUT,https://localhost:7194/api/servicos,400,Bad Request,712,150,196
8854,Tue Jun 09 11:38:07 GMT-03:00 2026,Tue Jun 09 11:38:07 GMT-03:00 2026,POST,https://localhost:7194/api/servicos,400,Bad Request,709,150,219
8855,Tue Jun 09 11:38:07 GMT-03:00 2026,Tue Jun 09 11:38:07 GMT-03:00 2026,DELETE,https://localhost:7194/api/servicos/%3Cxsl%3Avalue-of+select%3D%22php%3Afunction%28%27exec%27%2C%27erroneous_command+2%3E%26amp%3B1%27%29%22%2F%3E,404,Not Found,49,99,0
8856,Tue Jun 09 11:38:07 GMT-03:00 2026,Tue Jun 09 11:38:07 GMT-03:00 2026,POST,https://localhost:7194/api/ordens-servico/%3Cxsl%3Avariable+name%3D%22rtobject%22+select%3D%22runtime%3AgetRuntime%28%29%22%2F%3E%0A%3Cxsl%3Avariable+name%3D%22process%22+select%3D%22runtime%3Aexec%28%24rtobject%2C%27erroneous_command%27%29%22%2F%3E%0A%3Cxsl%3Avariable+name%3D%22waiting%22+select%3D%22process%3AwaitFor%28%24process%29%22%2F%3E%0A%3Cxsl%3Avalue-of+select%3D%22%24process%22%2F%3E/em-execucao,404,Not Found,65,99,0
8857,Tue Jun 09 11:38:07 GMT-03:00 2026,Tue Jun 09 11:38:07 GMT-03:00 2026,POST,https://localhost:7194/api/ordens-servico/%3Cxsl%3Avariable+name%3D%22rtobject%22+select%3D%22runtime%3AgetRuntime%28%29%22%2F%3E%0A%3Cxsl%3Avariable+name%3D%22process%22+select%3D%22runtime%3Aexec%28%24rtobject%2C%27erroneous_command%27%29%22%2F%3E%0A%3Cxsl%3Avariable+name%3D%22waiting%22+select%3D%22process%3AwaitFor%28%24process%29%22%2F%3E%0A%3Cxsl%3Avalue-of+select%3D%22%24process%22%2F%3E/gerar-orcamento,404,Not Found,65,99,0
8858,Tue Jun 09 11:38:07 GMT-03:00 2026,Tue Jun 09 11:38:07 GMT-03:00 2026,POST,https://localhost:7194/api/ordens-servico/%3Cxsl%3Avariable+name%3D%22rtobject%22+select%3D%22runtime%3AgetRuntime%28%29%22%2F%3E%0A%3Cxsl%3Avariable+name%3D%22process%22+select%3D%22runtime%3Aexec%28%24rtobject%2C%27erroneous_command%27%29%22%2F%3E%0A%3Cxsl%3Avariable+name%3D%22waiting%22+select%3D%22process%3AwaitFor%28%24process%29%22%2F%3E%0A%3Cxsl%3Avalue-of+select%3D%22%24process%22%2F%3E/entregar,404,Not Found,100,99,0
8859,Tue Jun 09 11:38:07 GMT-03:00 2026,Tue Jun 09 11:38:07 GMT-03:00 2026,POST,https://localhost:7194/api/ordens-servico/system-property%28%27xsl%3Avendor%27%29%2F%3E/enviar-orcamento,404,Not Found,506,99,0
8860,Tue Jun 09 11:38:07 GMT-03:00 2026,Tue Jun 09 11:38:07 GMT-03:00 2026,DELETE,https://localhost:7194/api/veiculos/%3Cxsl%3Avalue-of+select%3D%22system-property%28%27xsl%3Avendor%27%29%22%2F%3E,404,Not Found,71,99,0
8861,Tue Jun 09 11:38:07 GMT-03:00 2026,Tue Jun 09 11:38:08 GMT-03:00 2026,GET,https://localhost:7194/api/clientes/%3Cxsl%3Avalue-of+select%3D%22system-property%28%27xsl%3Avendor%27%29%22%2F%3E,404,Not Found,115,99,0
8862,Tue Jun 09 11:38:07 GMT-03:00 2026,Tue Jun 09 11:38:08 GMT-03:00 2026,POST,https://localhost:7194/api/ordens-servico,400,Bad Request,411,150,204
8863,Tue Jun 09 11:38:08 GMT-03:00 2026,Tue Jun 09 11:38:08 GMT-03:00 2026,DELETE,https://localhost:7194/api/veiculos/system-property%28%27xsl%3Avendor%27%29%2F%3E,404,Not Found,194,99,0
8864,Tue Jun 09 11:38:07 GMT-03:00 2026,Tue Jun 09 11:38:08 GMT-03:00 2026,POST,https://localhost:7194/api/ordens-servico/%3Cxsl%3Avalue-of+select%3D%22php%3Afunction%28%27exec%27%2C%27erroneous_command+2%3E%26amp%3B1%27%29%22%2F%3E/gerar-orcamento,404,Not Found,217,99,0
8865,Tue Jun 09 11:38:07 GMT-03:00 2026,Tue Jun 09 11:38:08 GMT-03:00 2026,POST,https://localhost:7194/api/ordens-servico/%3Cxsl%3Avalue-of+select%3D%22php%3Afunction%28%27exec%27%2C%27erroneous_command+2%3E%26amp%3B1%27%29%22%2F%3E/entregar,404,Not Found,219,99,0
8866,Tue Jun 09 11:38:07 GMT-03:00 2026,Tue Jun 09 11:38:08 GMT-03:00 2026,POST,https://localhost:7194/api/ordens-servico/%3Cxsl%3Avalue-of+select%3D%22php%3Afunction%28%27exec%27%2C%27erroneous_command+2%3E%26amp%3B1%27%29%22%2F%3E/em-execucao,404,Not Found,300,99,0
8867,Tue Jun 09 11:38:08 GMT-03:00 2026,Tue Jun 09 11:38:08 GMT-03:00 2026,GET,https://localhost:7194/api/clientes/system-property%28%27xsl%3Avendor%27%29%2F%3E,404,Not Found,255,99,0
8868,Tue Jun 09 11:38:07 GMT-03:00 2026,Tue Jun 09 11:38:08 GMT-03:00 2026,POST,https://localhost:7194/api/clientes,400,Bad Request,901,149,74
8869,Tue Jun 09 11:38:07 GMT-03:00 2026,Tue Jun 09 11:38:08 GMT-03:00 2026,POST,https://localhost:7194/api/veiculos,400,Bad Request,1150,150,205
8870,Tue Jun 09 11:38:07 GMT-03:00 2026,Tue Jun 09 11:38:08 GMT-03:00 2026,POST,https://localhost:7194/api/ordens-servico/%22%2F%3E%3Cxsl%3Avalue-of+select%3D%22system-property%28%27xsl%3Avendor%27%29%22%2F%3E%3C%21--/enviar-orcamento,404,Not Found,371,99,0
8871,Tue Jun 09 11:38:07 GMT-03:00 2026,Tue Jun 09 11:38:08 GMT-03:00 2026,DELETE,https://localhost:7194/api/insumos/%3Cxsl%3Avalue-of+select%3D%22php%3Afunction%28%27exec%27%2C%27erroneous_command+2%3E%26amp%3B1%27%29%22%2F%3E,404,Not Found,604,99,0
8872,Tue Jun 09 11:38:07 GMT-03:00 2026,Tue Jun 09 11:38:08 GMT-03:00 2026,PUT,https://localhost:7194/api/veiculos,400,Bad Request,1152,150,196
8873,Tue Jun 09 11:38:07 GMT-03:00 2026,Tue Jun 09 11:38:08 GMT-03:00 2026,PUT,https://localhost:7194/api/insumos,400,Bad Request,842,150,197
8874,Tue Jun 09 11:38:08 GMT-03:00 2026,Tue Jun 09 11:38:08 GMT-03:00 2026,GET,https://localhost:7194/api/clientes/%22%2F%3E%3Cxsl%3Avalue-of+select%3D%22system-property%28%27xsl%3Avendor%27%29%22%2F%3E%3C%21--,404,Not Found,115,99,0
8875,Tue Jun 09 11:38:08 GMT-03:00 2026,Tue Jun 09 11:38:08 GMT-03:00 2026,DELETE,https://localhost:7194/api/veiculos/%22%2F%3E%3Cxsl%3Avalue-of+select%3D%22system-property%28%27xsl%3Avendor%27%29%22%2F%3E%3C%21--,404,Not Found,215,99,0
8876,Tue Jun 09 11:38:08 GMT-03:00 2026,Tue Jun 09 11:38:08 GMT-03:00 2026,POST,https://localhost:7194/api/ordens-servico/%3Cxsl%3Avalue-of+select%3D%22system-property%28%27xsl%3Avendor%27%29%22%2F%3E%3C%21--/enviar-orcamento,404,Not Found,74,99,0
8877,Tue Jun 09 11:38:07 GMT-03:00 2026,Tue Jun 09 11:38:08 GMT-03:00 2026,PUT,https://localhost:7194/api/ordens-servico,400,Bad Request,515,150,197
8878,Tue Jun 09 11:38:07 GMT-03:00 2026,Tue Jun 09 11:38:08 GMT-03:00 2026,POST,https://localhost:7194/api/servicos,400,Bad Request,515,150,220
8879,Tue Jun 09 11:38:07 GMT-03:00 2026,Tue Jun 09 11:38:08 GMT-03:00 2026,PUT,https://localhost:7194/api/clientes,400,Bad Request,964,150,197
8880,Tue Jun 09 11:38:07 GMT-03:00 2026,Tue Jun 09 11:38:08 GMT-03:00 2026,GET,https://localhost:7194/api/insumos/%3C,404,Not Found,725,99,0
8881,Tue Jun 09 11:38:08 GMT-03:00 2026,Tue Jun 09 11:38:08 GMT-03:00 2026,GET,https://localhost:7194/api/clientes/%3Cxsl%3Avalue-of+select%3D%22system-property%28%27xsl%3Avendor%27%29%22%2F%3E%3C%21--,404,Not Found,109,99,0
8882,Tue Jun 09 11:38:07 GMT-03:00 2026,Tue Jun 09 11:38:08 GMT-03:00 2026,GET,https://localhost:7194/api/ordens-servico/cliente,404,Not Found,738,99,0
8883,Tue Jun 09 11:38:08 GMT-03:00 2026,Tue Jun 09 11:38:08 GMT-03:00 2026,POST,https://localhost:7194/api/ordens-servico/%3Cxsl%3Avalue-of+select%3D%22document%28%27http%3A%2F%2Flocalhost%3A22%27%29%22%2F%3E/enviar-orcamento,404,Not Found,84,99,0
8884,Tue Jun 09 11:38:08 GMT-03:00 2026,Tue Jun 09 11:38:08 GMT-03:00 2026,DELETE,https://localhost:7194/api/veiculos/%3Cxsl%3Avalue-of+select%3D%22system-property%28%27xsl%3Avendor%27%29%22%2F%3E%3C%21--,404,Not Found,113,99,0
8885,Tue Jun 09 11:38:07 GMT-03:00 2026,Tue Jun 09 11:38:08 GMT-03:00 2026,PUT,https://localhost:7194/api/servicos,400,Bad Request,599,150,197
8886,Tue Jun 09 11:38:08 GMT-03:00 2026,Tue Jun 09 11:38:08 GMT-03:00 2026,POST,https://localhost:7194/api/clientes,400,Bad Request,345,149,74
8887,Tue Jun 09 11:38:08 GMT-03:00 2026,Tue Jun 09 11:38:08 GMT-03:00 2026,DELETE,https://localhost:7194/api/veiculos/%3Cxsl%3Avalue-of+select%3D%22document%28%27http%3A%2F%2Flocalhost%3A22%27%29%22%2F%3E,404,Not Found,123,99,0
8888,Tue Jun 09 11:38:08 GMT-03:00 2026,Tue Jun 09 11:38:08 GMT-03:00 2026,GET,https://localhost:7194/api/clientes/%3Cxsl%3Avalue-of+select%3D%22document%28%27http%3A%2F%2Flocalhost%3A22%27%29%22%2F%3E,404,Not Found,128,99,0
8889,Tue Jun 09 11:38:08 GMT-03:00 2026,Tue Jun 09 11:38:08 GMT-03:00 2026,POST,https://localhost:7194/api/ordens-servico/%3Cxsl%3Avariable+name%3D%22rtobject%22+select%3D%22runtime%3AgetRuntime%28%29%22%2F%3E%0A%3Cxsl%3Avariable+name%3D%22process%22+select%3D%22runtime%3Aexec%28%24rtobject%2C%27erroneous_command%27%29%22%2F%3E%0A%3Cxsl%3Avariable+name%3D%22waiting%22+select%3D%22process%3AwaitFor%28%24process%29%22%2F%3E%0A%3Cxsl%3Avalue-of+select%3D%22%24process%22%2F%3E/enviar-orcamento,404,Not Found,141,99,0
8890,Tue Jun 09 11:38:07 GMT-03:00 2026,Tue Jun 09 11:38:08 GMT-03:00 2026,POST,https://localhost:7194/api/insumos,201,Created,740,229,156
8891,Tue Jun 09 11:38:08 GMT-03:00 2026,Tue Jun 09 11:38:08 GMT-03:00 2026,DELETE,https://localhost:7194/api/veiculos/%3Cxsl%3Avariable+name%3D%22rtobject%22+select%3D%22runtime%3AgetRuntime%28%29%22%2F%3E%0A%3Cxsl%3Avariable+name%3D%22process%22+select%3D%22runtime%3Aexec%28%24rtobject%2C%27erroneous_command%27%29%22%2F%3E%0A%3Cxsl%3Avariable+name%3D%22waiting%22+select%3D%22process%3AwaitFor%28%24process%29%22%2F%3E%0A%3Cxsl%3Avalue-of+select%3D%22%24process%22%2F%3E,404,Not Found,25,99,0
8892,Tue Jun 09 11:38:08 GMT-03:00 2026,Tue Jun 09 11:38:08 GMT-03:00 2026,GET,https://localhost:7194/api/insumos/%3Cxsl%3Avalue-of+select%3D%22system-property%28%27xsl%3Avendor%27%29%22%2F%3E,404,Not Found,166,99,0
8893,Tue Jun 09 11:38:08 GMT-03:00 2026,Tue Jun 09 11:38:08 GMT-03:00 2026,POST,https://localhost:7194/api/ordens-servico,400,Bad Request,533,150,204
8894,Tue Jun 09 11:38:08 GMT-03:00 2026,Tue Jun 09 11:38:08 GMT-03:00 2026,GET,https://localhost:7194/api/clientes/%3Cxsl%3Avariable+name%3D%22rtobject%22+select%3D%22runtime%3AgetRuntime%28%29%22%2F%3E%0A%3Cxsl%3Avariable+name%3D%22process%22+select%3D%22runtime%3Aexec%28%24rtobject%2C%27erroneous_command%27%29%22%2F%3E%0A%3Cxsl%3Avariable+name%3D%22waiting%22+select%3D%22process%3AwaitFor%28%24process%29%22%2F%3E%0A%3Cxsl%3Avalue-of+select%3D%22%24process%22%2F%3E,404,Not Found,148,99,0
8895,Tue Jun 09 11:38:08 GMT-03:00 2026,Tue Jun 09 11:38:08 GMT-03:00 2026,POST,https://localhost:7194/api/veiculos,400,Bad Request,429,150,205
8896,Tue Jun 09 11:38:08 GMT-03:00 2026,Tue Jun 09 11:38:08 GMT-03:00 2026,GET,https://localhost:7194/api/insumos/system-property%28%27xsl%3Avendor%27%29%2F%3E,404,Not Found,167,99,0
8897,Tue Jun 09 11:38:08 GMT-03:00 2026,Tue Jun 09 11:38:08 GMT-03:00 2026,DELETE,https://localhost:7194/api/veiculos/%3Cxsl%3Avalue-of+select%3D%22php%3Afunction%28%27exec%27%2C%27erroneous_command+2%3E%26amp%3B1%27%29%22%2F%3E,404,Not Found,167,99,0
8898,Tue Jun 09 11:38:08 GMT-03:00 2026,Tue Jun 09 11:38:08 GMT-03:00 2026,GET,https://localhost:7194/api/ordens-servico/%3C,404,Not Found,328,99,0
8899,Tue Jun 09 11:38:08 GMT-03:00 2026,Tue Jun 09 11:38:08 GMT-03:00 2026,POST,https://localhost:7194/api/ordens-servico/%3Cxsl%3Avalue-of+select%3D%22php%3Afunction%28%27exec%27%2C%27erroneous_command+2%3E%26amp%3B1%27%29%22%2F%3E/enviar-orcamento,404,Not Found,182,99,0
8900,Tue Jun 09 11:38:08 GMT-03:00 2026,Tue Jun 09 11:38:08 GMT-03:00 2026,GET,https://localhost:7194/api/clientes/%3Cxsl%3Avalue-of+select%3D%22php%3Afunction%28%27exec%27%2C%27erroneous_command+2%3E%26amp%3B1%27%29%22%2F%3E,404,Not Found,67,99,0
8901,Tue Jun 09 11:38:08 GMT-03:00 2026,Tue Jun 09 11:38:08 GMT-03:00 2026,PUT,https://localhost:7194/api/ordens-servico,400,Bad Request,422,150,197
8902,Tue Jun 09 11:38:08 GMT-03:00 2026,Tue Jun 09 11:38:08 GMT-03:00 2026,PUT,https://localhost:7194/api/insumos,400,Bad Request,557,150,197
8903,Tue Jun 09 11:38:08 GMT-03:00 2026,Tue Jun 09 11:38:08 GMT-03:00 2026,GET,https://localhost:7194/api/insumos/%22%2F%3E%3Cxsl%3Avalue-of+select%3D%22system-property%28%27xsl%3Avendor%27%29%22%2F%3E%3C%21--,404,Not Found,102,99,0
8904,Tue Jun 09 11:38:08 GMT-03:00 2026,Tue Jun 09 11:38:08 GMT-03:00 2026,GET,https://localhost:7194/api/ordens-servico/%3Cxsl%3Avalue-of+select%3D%22system-property%28%27xsl%3Avendor%27%29%22%2F%3E,404,Not Found,142,99,0
8905,Tue Jun 09 11:38:08 GMT-03:00 2026,Tue Jun 09 11:38:09 GMT-03:00 2026,GET,https://localhost:7194/api/insumos/%3Cxsl%3Avalue-of+select%3D%22system-property%28%27xsl%3Avendor%27%29%22%2F%3E%3C%21--,404,Not Found,67,99,0
8906,Tue Jun 09 11:38:09 GMT-03:00 2026,Tue Jun 09 11:38:09 GMT-03:00 2026,GET,https://localhost:7194/api/insumos/%3Cxsl%3Avalue-of+select%3D%22document%28%27http%3A%2F%2Flocalhost%3A22%27%29%22%2F%3E,404,Not Found,16,99,0
8907,Tue Jun 09 11:38:08 GMT-03:00 2026,Tue Jun 09 11:38:09 GMT-03:00 2026,GET,https://localhost:7194/api/ordens-servico/%3C/acompanhamento,404,Not Found,505,99,0
8908,Tue Jun 09 11:38:08 GMT-03:00 2026,Tue Jun 09 11:38:09 GMT-03:00 2026,GET,https://localhost:7194/api/ordens-servico/system-property%28%27xsl%3Avendor%27%29%2F%3E,404,Not Found,35,99,0
8909,Tue Jun 09 11:38:08 GMT-03:00 2026,Tue Jun 09 11:38:09 GMT-03:00 2026,GET,https://localhost:7194/api/ordens-servico/cliente/%3C,404,Not Found,516,99,0
8910,Tue Jun 09 11:38:08 GMT-03:00 2026,Tue Jun 09 11:38:09 GMT-03:00 2026,PUT,https://localhost:7194/api/veiculos,400,Bad Request,667,150,197
8911,Tue Jun 09 11:38:09 GMT-03:00 2026,Tue Jun 09 11:38:09 GMT-03:00 2026,GET,https://localhost:7194/api/ordens-servico/%3Cxsl%3Avalue-of+select%3D%22system-property%28%27xsl%3Avendor%27%29%22%2F%3E/acompanhamento,404,Not Found,122,99,0
8912,Tue Jun 09 11:38:09 GMT-03:00 2026,Tue Jun 09 11:38:09 GMT-03:00 2026,GET,https://localhost:7194/api/insumos/%3Cxsl%3Avariable+name%3D%22rtobject%22+select%3D%22runtime%3AgetRuntime%28%29%22%2F%3E%0A%3Cxsl%3Avariable+name%3D%22process%22+select%3D%22runtime%3Aexec%28%24rtobject%2C%27erroneous_command%27%29%22%2F%3E%0A%3Cxsl%3Avariable+name%3D%22waiting%22+select%3D%22process%3AwaitFor%28%24process%29%22%2F%3E%0A%3Cxsl%3Avalue-of+select%3D%22%24process%22%2F%3E,404,Not Found,150,99,0
8913,Tue Jun 09 11:38:09 GMT-03:00 2026,Tue Jun 09 11:38:09 GMT-03:00 2026,GET,https://localhost:7194/api/ordens-servico/%22%2F%3E%3Cxsl%3Avalue-of+select%3D%22system-property%28%27xsl%3Avendor%27%29%22%2F%3E%3C%21--,404,Not Found,150,99,0
8914,Tue Jun 09 11:38:08 GMT-03:00 2026,Tue Jun 09 11:38:09 GMT-03:00 2026,PUT,https://localhost:7194/api/clientes,400,Bad Request,674,150,197
8915,Tue Jun 09 11:38:08 GMT-03:00 2026,Tue Jun 09 11:38:09 GMT-03:00 2026,GET,https://localhost:7194/api/ordens-servico/%3C,404,Not Found,661,99,0
8916,Tue Jun 09 11:38:08 GMT-03:00 2026,Tue Jun 09 11:38:09 GMT-03:00 2026,POST,https://localhost:7194/api/servicos,400,Bad Request,749,150,220
8917,Tue Jun 09 11:38:09 GMT-03:00 2026,Tue Jun 09 11:38:09 GMT-03:00 2026,GET,https://localhost:7194/api/ordens-servico/system-property%28%27xsl%3Avendor%27%29%2F%3E/acompanhamento,404,Not Found,43,99,0
8918,Tue Jun 09 11:38:09 GMT-03:00 2026,Tue Jun 09 11:38:09 GMT-03:00 2026,GET,https://localhost:7194/api/ordens-servico/cliente/%3Cxsl%3Avalue-of+select%3D%22system-property%28%27xsl%3Avendor%27%29%22%2F%3E,404,Not Found,170,99,0
8919,Tue Jun 09 11:38:08 GMT-03:00 2026,Tue Jun 09 11:38:09 GMT-03:00 2026,PUT,https://localhost:7194/api/insumos,400,Bad Request,264,150,197
8920,Tue Jun 09 11:38:09 GMT-03:00 2026,Tue Jun 09 11:38:09 GMT-03:00 2026,GET,https://localhost:7194/api/insumos/%3Cxsl%3Avalue-of+select%3D%22php%3Afunction%28%27exec%27%2C%27erroneous_command+2%3E%26amp%3B1%27%29%22%2F%3E,404,Not Found,32,99,0
8921,Tue Jun 09 11:38:09 GMT-03:00 2026,Tue Jun 09 11:38:09 GMT-03:00 2026,GET,https://localhost:7194/api/ordens-servico/%3Cxsl%3Avalue-of+select%3D%22system-property%28%27xsl%3Avendor%27%29%22%2F%3E%3C%21--,404,Not Found,32,99,0
8922,Tue Jun 09 11:38:09 GMT-03:00 2026,Tue Jun 09 11:38:09 GMT-03:00 2026,GET,https://localhost:7194/api/ordens-servico/%3Cxsl%3Avalue-of+select%3D%22system-property%28%27xsl%3Avendor%27%29%22%2F%3E,404,Not Found,26,99,0
8923,Tue Jun 09 11:38:08 GMT-03:00 2026,Tue Jun 09 11:38:09 GMT-03:00 2026,GET,https://localhost:7194/api/servicos/%3C,404,Not Found,694,99,0
8924,Tue Jun 09 11:38:09 GMT-03:00 2026,Tue Jun 09 11:38:09 GMT-03:00 2026,GET,https://localhost:7194/api/ordens-servico/system-property%28%27xsl%3Avendor%27%29%2F%3E,404,Not Found,15,99,0
8925,Tue Jun 09 11:38:09 GMT-03:00 2026,Tue Jun 09 11:38:09 GMT-03:00 2026,GET,https://localhost:7194/api/ordens-servico/%22%2F%3E%3Cxsl%3Avalue-of+select%3D%22system-property%28%27xsl%3Avendor%27%29%22%2F%3E%3C%21--/acompanhamento,404,Not Found,32,99,0
8926,Tue Jun 09 11:38:09 GMT-03:00 2026,Tue Jun 09 11:38:09 GMT-03:00 2026,GET,https://localhost:7194/api/ordens-servico/cliente/system-property%28%27xsl%3Avendor%27%29%2F%3E,404,Not Found,16,99,0
8927,Tue Jun 09 11:38:09 GMT-03:00 2026,Tue Jun 09 11:38:09 GMT-03:00 2026,GET,https://localhost:7194/api/ordens-servico/%3Cxsl%3Avalue-of+select%3D%22document%28%27http%3A%2F%2Flocalhost%3A22%27%29%22%2F%3E,404,Not Found,15,99,0
8928,Tue Jun 09 11:38:08 GMT-03:00 2026,Tue Jun 09 11:38:09 GMT-03:00 2026,GET,https://localhost:7194/api/veiculos,200,OK,703,142,5536
8929,Tue Jun 09 11:38:08 GMT-03:00 2026,Tue Jun 09 11:38:09 GMT-03:00 2026,PUT,https://localhost:7194/api/ordens-servico,400,Bad Request,360,150,197
8930,Tue Jun 09 11:38:09 GMT-03:00 2026,Tue Jun 09 11:38:09 GMT-03:00 2026,GET,https://localhost:7194/api/servicos/%3Cxsl%3Avalue-of+select%3D%22system-property%28%27xsl%3Avendor%27%29%22%2F%3E,404,Not Found,15,99,0
8931,Tue Jun 09 11:38:09 GMT-03:00 2026,Tue Jun 09 11:38:09 GMT-03:00 2026,GET,https://localhost:7194/api/ordens-servico/cliente/%22%2F%3E%3Cxsl%3Avalue-of+select%3D%22system-property%28%27xsl%3Avendor%27%29%22%2F%3E%3C%21--,404,Not Found,7,99,0
8932,Tue Jun 09 11:38:09 GMT-03:00 2026,Tue Jun 09 11:38:09 GMT-03:00 2026,GET,https://localhost:7194/api/ordens-servico/%3Cxsl%3Avariable+name%3D%22rtobject%22+select%3D%22runtime%3AgetRuntime%28%29%22%2F%3E%0A%3Cxsl%3Avariable+name%3D%22process%22+select%3D%22runtime%3Aexec%28%24rtobject%2C%27erroneous_command%27%29%22%2F%3E%0A%3Cxsl%3Avariable+name%3D%22waiting%22+select%3D%22process%3AwaitFor%28%24process%29%22%2F%3E%0A%3Cxsl%3Avalue-of+select%3D%22%24process%22%2F%3E,404,Not Found,6,99,0
8933,Tue Jun 09 11:38:09 GMT-03:00 2026,Tue Jun 09 11:38:09 GMT-03:00 2026,GET,https://localhost:7194/api/ordens-servico/%3Cxsl%3Avalue-of+select%3D%22system-property%28%27xsl%3Avendor%27%29%22%2F%3E%3C%21--/acompanhamento,404,Not Found,7,99,0
8934,Tue Jun 09 11:38:09 GMT-03:00 2026,Tue Jun 09 11:38:09 GMT-03:00 2026,GET,https://localhost:7194/api/ordens-servico/%22%2F%3E%3Cxsl%3Avalue-of+select%3D%22system-property%28%27xsl%3Avendor%27%29%22%2F%3E%3C%21--,404,Not Found,12,99,0
8935,Tue Jun 09 11:38:09 GMT-03:00 2026,Tue Jun 09 11:38:09 GMT-03:00 2026,GET,https://localhost:7194/api/servicos/system-property%28%27xsl%3Avendor%27%29%2F%3E,404,Not Found,44,99,0
8936,Tue Jun 09 11:38:09 GMT-03:00 2026,Tue Jun 09 11:38:09 GMT-03:00 2026,GET,https://localhost:7194/api/ordens-servico/%3Cxsl%3Avalue-of+select%3D%22php%3Afunction%28%27exec%27%2C%27erroneous_command+2%3E%26amp%3B1%27%29%22%2F%3E,404,Not Found,95,99,0
8937,Tue Jun 09 11:38:09 GMT-03:00 2026,Tue Jun 09 11:38:09 GMT-03:00 2026,GET,https://localhost:7194/api/ordens-servico/%3Cxsl%3Avalue-of+select%3D%22system-property%28%27xsl%3Avendor%27%29%22%2F%3E%3C%21--,404,Not Found,134,99,0
8938,Tue Jun 09 11:38:09 GMT-03:00 2026,Tue Jun 09 11:38:09 GMT-03:00 2026,GET,https://localhost:7194/api/ordens-servico/%3Cxsl%3Avalue-of+select%3D%22document%28%27http%3A%2F%2Flocalhost%3A22%27%29%22%2F%3E/acompanhamento,404,Not Found,139,99,0
8939,Tue Jun 09 11:38:09 GMT-03:00 2026,Tue Jun 09 11:38:09 GMT-03:00 2026,GET,https://localhost:7194/api/servicos/%22%2F%3E%3Cxsl%3Avalue-of+select%3D%22system-property%28%27xsl%3Avendor%27%29%22%2F%3E%3C%21--,404,Not Found,109,99,0
8940,Tue Jun 09 11:38:09 GMT-03:00 2026,Tue Jun 09 11:38:09 GMT-03:00 2026,GET,https://localhost:7194/api/ordens-servico/cliente/%3Cxsl%3Avalue-of+select%3D%22system-property%28%27xsl%3Avendor%27%29%22%2F%3E%3C%21--,404,Not Found,161,99,0
8941,Tue Jun 09 11:38:09 GMT-03:00 2026,Tue Jun 09 11:38:09 GMT-03:00 2026,PUT,https://localhost:7194/api/veiculos,400,Bad Request,395,150,197
8942,Tue Jun 09 11:38:09 GMT-03:00 2026,Tue Jun 09 11:38:09 GMT-03:00 2026,GET,https://localhost:7194/api/ordens-servico/cliente/%3Cxsl%3Avalue-of+select%3D%22document%28%27http%3A%2F%2Flocalhost%3A22%27%29%22%2F%3E,404,Not Found,100,99,0
8943,Tue Jun 09 11:38:09 GMT-03:00 2026,Tue Jun 09 11:38:09 GMT-03:00 2026,GET,https://localhost:7194/api/ordens-servico/%3Cxsl%3Avariable+name%3D%22rtobject%22+select%3D%22runtime%3AgetRuntime%28%29%22%2F%3E%0A%3Cxsl%3Avariable+name%3D%22process%22+select%3D%22runtime%3Aexec%28%24rtobject%2C%27erroneous_command%27%29%22%2F%3E%0A%3Cxsl%3Avariable+name%3D%22waiting%22+select%3D%22process%3AwaitFor%28%24process%29%22%2F%3E%0A%3Cxsl%3Avalue-of+select%3D%22%24process%22%2F%3E/acompanhamento,404,Not Found,136,99,0
8944,Tue Jun 09 11:38:09 GMT-03:00 2026,Tue Jun 09 11:38:09 GMT-03:00 2026,GET,https://localhost:7194/api/servicos/%3Cxsl%3Avalue-of+select%3D%22system-property%28%27xsl%3Avendor%27%29%22%2F%3E%3C%21--,404,Not Found,114,99,0
8945,Tue Jun 09 11:38:09 GMT-03:00 2026,Tue Jun 09 11:38:09 GMT-03:00 2026,GET,https://localhost:7194/api/ordens-servico/%3Cxsl%3Avalue-of+select%3D%22document%28%27http%3A%2F%2Flocalhost%3A22%27%29%22%2F%3E,404,Not Found,184,99,0
8946,Tue Jun 09 11:38:08 GMT-03:00 2026,Tue Jun 09 11:38:09 GMT-03:00 2026,POST,https://localhost:7194/api/clientes,400,Bad Request,911,149,74
8947,Tue Jun 09 11:38:08 GMT-03:00 2026,Tue Jun 09 11:38:09 GMT-03:00 2026,PUT,https://localhost:7194/api/servicos,400,Bad Request,1075,150,197
8948,Tue Jun 09 11:38:09 GMT-03:00 2026,Tue Jun 09 11:38:09 GMT-03:00 2026,GET,https://localhost:7194/api/ordens-servico/%3Cxsl%3Avariable+name%3D%22rtobject%22+select%3D%22runtime%3AgetRuntime%28%29%22%2F%3E%0A%3Cxsl%3Avariable+name%3D%22process%22+select%3D%22runtime%3Aexec%28%24rtobject%2C%27erroneous_command%27%29%22%2F%3E%0A%3Cxsl%3Avariable+name%3D%22waiting%22+select%3D%22process%3AwaitFor%28%24process%29%22%2F%3E%0A%3Cxsl%3Avalue-of+select%3D%22%24process%22%2F%3E,404,Not Found,88,99,0
8949,Tue Jun 09 11:38:09 GMT-03:00 2026,Tue Jun 09 11:38:09 GMT-03:00 2026,GET,https://localhost:7194/api/ordens-servico/%3Cxsl%3Avalue-of+select%3D%22php%3Afunction%28%27exec%27%2C%27erroneous_command+2%3E%26amp%3B1%27%29%22%2F%3E/acompanhamento,404,Not Found,136,99,0
8950,Tue Jun 09 11:38:08 GMT-03:00 2026,Tue Jun 09 11:38:09 GMT-03:00 2026,POST,https://localhost:7194/api/insumos,201,Created,974,229,189
8951,Tue Jun 09 11:38:09 GMT-03:00 2026,Tue Jun 09 11:38:09 GMT-03:00 2026,PUT,https://localhost:7194/api/ordens-servico,400,Bad Request,417,150,197
8952,Tue Jun 09 11:38:09 GMT-03:00 2026,Tue Jun 09 11:38:09 GMT-03:00 2026,GET,https://localhost:7194/api/ordens-servico/cliente/%3Cxsl%3Avariable+name%3D%22rtobject%22+select%3D%22runtime%3AgetRuntime%28%29%22%2F%3E%0A%3Cxsl%3Avariable+name%3D%22process%22+select%3D%22runtime%3Aexec%28%24rtobject%2C%27erroneous_command%27%29%22%2F%3E%0A%3Cxsl%3Avariable+name%3D%22waiting%22+select%3D%22process%3AwaitFor%28%24process%29%22%2F%3E%0A%3Cxsl%3Avalue-of+select%3D%22%24process%22%2F%3E,404,Not Found,147,99,0
8953,Tue Jun 09 11:38:09 GMT-03:00 2026,Tue Jun 09 11:38:09 GMT-03:00 2026,GET,https://localhost:7194/api/servicos/%3Cxsl%3Avalue-of+select%3D%22document%28%27http%3A%2F%2Flocalhost%3A22%27%29%22%2F%3E,404,Not Found,158,99,0
8954,Tue Jun 09 11:38:09 GMT-03:00 2026,Tue Jun 09 11:38:09 GMT-03:00 2026,GET,https://localhost:7194/api/servicos/%3Cxsl%3Avariable+name%3D%22rtobject%22+select%3D%22runtime%3AgetRuntime%28%29%22%2F%3E%0A%3Cxsl%3Avariable+name%3D%22process%22+select%3D%22runtime%3Aexec%28%24rtobject%2C%27erroneous_command%27%29%22%2F%3E%0A%3Cxsl%3Avariable+name%3D%22waiting%22+select%3D%22process%3AwaitFor%28%24process%29%22%2F%3E%0A%3Cxsl%3Avalue-of+select%3D%22%24process%22%2F%3E,404,Not Found,60,99,0
8955,Tue Jun 09 11:38:08 GMT-03:00 2026,Tue Jun 09 11:38:09 GMT-03:00 2026,POST,https://localhost:7194/api/ordens-servico,400,Bad Request,1025,150,204
8956,Tue Jun 09 11:38:09 GMT-03:00 2026,Tue Jun 09 11:38:10 GMT-03:00 2026,GET,https://localhost:7194/api/ordens-servico/%3Cxsl%3Avalue-of+select%3D%22php%3Afunction%28%27exec%27%2C%27erroneous_command+2%3E%26amp%3B1%27%29%22%2F%3E,404,Not Found,369,99,0
8957,Tue Jun 09 11:38:09 GMT-03:00 2026,Tue Jun 09 11:38:10 GMT-03:00 2026,PUT,https://localhost:7194/api/clientes,400,Bad Request,828,150,197
8958,Tue Jun 09 11:38:09 GMT-03:00 2026,Tue Jun 09 11:38:10 GMT-03:00 2026,POST,https://localhost:7194/api/servicos,400,Bad Request,819,150,220
8959,Tue Jun 09 11:38:09 GMT-03:00 2026,Tue Jun 09 11:38:10 GMT-03:00 2026,GET,https://localhost:7194/swagger,404,Not Found,786,99,0
8960,Tue Jun 09 11:38:09 GMT-03:00 2026,Tue Jun 09 11:38:10 GMT-03:00 2026,PUT,https://localhost:7194/api/insumos,400,Bad Request,802,150,197
8961,Tue Jun 09 11:38:09 GMT-03:00 2026,Tue Jun 09 11:38:10 GMT-03:00 2026,GET,https://localhost:7194/api/servicos/%3Cxsl%3Avalue-of+select%3D%22php%3Afunction%28%27exec%27%2C%27erroneous_command+2%3E%26amp%3B1%27%29%22%2F%3E,404,Not Found,285,99,0
8962,Tue Jun 09 11:38:08 GMT-03:00 2026,Tue Jun 09 11:38:10 GMT-03:00 2026,POST,https://localhost:7194/api/veiculos,400,Bad Request,1213,150,205
8963,Tue Jun 09 11:38:09 GMT-03:00 2026,Tue Jun 09 11:38:10 GMT-03:00 2026,PUT,https://localhost:7194/api/ordens-servico,400,Bad Request,369,150,197
8964,Tue Jun 09 11:38:09 GMT-03:00 2026,Tue Jun 09 11:38:10 GMT-03:00 2026,PUT,https://localhost:7194/api/veiculos,400,Bad Request,581,150,197
8965,Tue Jun 09 11:38:09 GMT-03:00 2026,Tue Jun 09 11:38:10 GMT-03:00 2026,GET,https://localhost:7194/api/veiculos/%3C,404,Not Found,789,99,0
8966,Tue Jun 09 11:38:09 GMT-03:00 2026,Tue Jun 09 11:38:10 GMT-03:00 2026,POST,https://localhost:7194/api/insumos,201,Created,417,229,185
8967,Tue Jun 09 11:38:09 GMT-03:00 2026,Tue Jun 09 11:38:10 GMT-03:00 2026,GET,https://localhost:7194/api/ordens-servico/cliente/%3Cxsl%3Avalue-of+select%3D%22php%3Afunction%28%27exec%27%2C%27erroneous_command+2%3E%26amp%3B1%27%29%22%2F%3E,404,Not Found,468,99,0
8968,Tue Jun 09 11:38:09 GMT-03:00 2026,Tue Jun 09 11:38:10 GMT-03:00 2026,GET,https://localhost:7194/api/veiculos?clienteId=%3C,400,Bad Request,1058,149,82
8969,Tue Jun 09 11:38:10 GMT-03:00 2026,Tue Jun 09 11:38:10 GMT-03:00 2026,POST,https://localhost:7194/api/servicos,400,Bad Request,286,150,220
8970,Tue Jun 09 11:38:10 GMT-03:00 2026,Tue Jun 09 11:38:10 GMT-03:00 2026,PUT,https://localhost:7194/api/clientes,400,Bad Request,286,150,197
8971,Tue Jun 09 11:38:10 GMT-03:00 2026,Tue Jun 09 11:38:10 GMT-03:00 2026,POST,https://localhost:7194/api/veiculos,400,Bad Request,312,150,205
8972,Tue Jun 09 11:38:09 GMT-03:00 2026,Tue Jun 09 11:38:10 GMT-03:00 2026,POST,https://localhost:7194/api/clientes,400,Bad Request,836,149,74
8973,Tue Jun 09 11:38:10 GMT-03:00 2026,Tue Jun 09 11:38:10 GMT-03:00 2026,PUT,https://localhost:7194/api/insumos,400,Bad Request,376,150,197
8974,Tue Jun 09 11:38:10 GMT-03:00 2026,Tue Jun 09 11:38:10 GMT-03:00 2026,GET,https://localhost:7194/api/veiculos/%3Cxsl%3Avalue-of+select%3D%22system-property%28%27xsl%3Avendor%27%29%22%2F%3E,404,Not Found,397,99,0
8975,Tue Jun 09 11:38:09 GMT-03:00 2026,Tue Jun 09 11:38:10 GMT-03:00 2026,POST,https://localhost:7194/api/ordens-servico,400,Bad Request,775,150,204
8976,Tue Jun 09 11:38:10 GMT-03:00 2026,Tue Jun 09 11:38:10 GMT-03:00 2026,GET,https://localhost:7194/api/veiculos/system-property%28%27xsl%3Avendor%27%29%2F%3E,404,Not Found,155,99,0
8977,Tue Jun 09 11:38:10 GMT-03:00 2026,Tue Jun 09 11:38:10 GMT-03:00 2026,GET,https://localhost:7194/api/veiculos?clienteId=%3Cxsl%3Avalue-of+select%3D%22system-property%28%27xsl%3Avendor%27%29%22%2F%3E,400,Bad Request,285,150,192
8978,Tue Jun 09 11:38:10 GMT-03:00 2026,Tue Jun 09 11:38:10 GMT-03:00 2026,PUT,https://localhost:7194/api/ordens-servico,400,Bad Request,554,150,198
8979,Tue Jun 09 11:38:09 GMT-03:00 2026,Tue Jun 09 11:38:10 GMT-03:00 2026,PUT,https://localhost:7194/api/servicos,400,Bad Request,967,150,197
8980,Tue Jun 09 11:38:10 GMT-03:00 2026,Tue Jun 09 11:38:10 GMT-03:00 2026,GET,https://localhost:7194/api/veiculos/%22%2F%3E%3Cxsl%3Avalue-of+select%3D%22system-property%28%27xsl%3Avendor%27%29%22%2F%3E%3C%21--,404,Not Found,51,99,0
8981,Tue Jun 09 11:38:10 GMT-03:00 2026,Tue Jun 09 11:38:10 GMT-03:00 2026,POST,https://localhost:7194/api/insumos,201,Created,560,229,183
8982,Tue Jun 09 11:38:10 GMT-03:00 2026,Tue Jun 09 11:38:10 GMT-03:00 2026,PUT,https://localhost:7194/api/veiculos,400,Bad Request,608,150,197
8983,Tue Jun 09 11:38:10 GMT-03:00 2026,Tue Jun 09 11:38:10 GMT-03:00 2026,GET,https://localhost:7194/api/veiculos/%3Cxsl%3Avalue-of+select%3D%22system-property%28%27xsl%3Avendor%27%29%22%2F%3E%3C%21--,404,Not Found,86,99,0
8984,Tue Jun 09 11:38:10 GMT-03:00 2026,Tue Jun 09 11:38:10 GMT-03:00 2026,GET,https://localhost:7194/api/veiculos/%3Cxsl%3Avalue-of+select%3D%22document%28%27http%3A%2F%2Flocalhost%3A22%27%29%22%2F%3E,404,Not Found,104,99,0
8985,Tue Jun 09 11:38:10 GMT-03:00 2026,Tue Jun 09 11:38:10 GMT-03:00 2026,POST,https://localhost:7194/api/servicos,400,Bad Request,585,150,220
8986,Tue Jun 09 11:38:10 GMT-03:00 2026,Tue Jun 09 11:38:10 GMT-03:00 2026,PUT,https://localhost:7194/api/clientes,400,Bad Request,586,150,197
8987,Tue Jun 09 11:38:10 GMT-03:00 2026,Tue Jun 09 11:38:10 GMT-03:00 2026,GET,https://localhost:7194/api/veiculos/%3Cxsl%3Avariable+name%3D%22rtobject%22+select%3D%22runtime%3AgetRuntime%28%29%22%2F%3E%0A%3Cxsl%3Avariable+name%3D%22process%22+select%3D%22runtime%3Aexec%28%24rtobject%2C%27erroneous_command%27%29%22%2F%3E%0A%3Cxsl%3Avariable+name%3D%22waiting%22+select%3D%22process%3AwaitFor%28%24process%29%22%2F%3E%0A%3Cxsl%3Avalue-of+select%3D%22%24process%22%2F%3E,404,Not Found,91,99,0
8988,Tue Jun 09 11:38:10 GMT-03:00 2026,Tue Jun 09 11:38:11 GMT-03:00 2026,GET,https://localhost:7194/api/veiculos?clienteId=system-property%28%27xsl%3Avendor%27%29%2F%3E,400,Bad Request,454,150,142
8989,Tue Jun 09 11:38:10 GMT-03:00 2026,Tue Jun 09 11:38:11 GMT-03:00 2026,GET,https://localhost:7194/api/veiculos/%3Cxsl%3Avalue-of+select%3D%22php%3Afunction%28%27exec%27%2C%27erroneous_command+2%3E%26amp%3B1%27%29%22%2F%3E,404,Not Found,132,99,0
8990,Tue Jun 09 11:38:10 GMT-03:00 2026,Tue Jun 09 11:38:11 GMT-03:00 2026,POST,https://localhost:7194/api/insumos,400,Bad Request,440,150,130
8991,Tue Jun 09 11:38:10 GMT-03:00 2026,Tue Jun 09 11:38:11 GMT-03:00 2026,POST,https://localhost:7194/api/ordens-servico,400,Bad Request,625,150,204
8992,Tue Jun 09 11:38:10 GMT-03:00 2026,Tue Jun 09 11:38:11 GMT-03:00 2026,POST,https://localhost:7194/api/veiculos,400,Bad Request,871,150,205
8993,Tue Jun 09 11:38:10 GMT-03:00 2026,Tue Jun 09 11:38:11 GMT-03:00 2026,PUT,https://localhost:7194/api/servicos,400,Bad Request,628,150,197
8994,Tue Jun 09 11:38:10 GMT-03:00 2026,Tue Jun 09 11:38:11 GMT-03:00 2026,POST,https://localhost:7194/api/clientes,400,Bad Request,822,149,74
8995,Tue Jun 09 11:38:10 GMT-03:00 2026,Tue Jun 09 11:38:11 GMT-03:00 2026,PUT,https://localhost:7194/api/insumos,400,Bad Request,840,150,198
8996,Tue Jun 09 11:38:10 GMT-03:00 2026,Tue Jun 09 11:38:11 GMT-03:00 2026,PUT,https://localhost:7194/api/ordens-servico,400,Bad Request,695,150,197
8997,Tue Jun 09 11:38:10 GMT-03:00 2026,Tue Jun 09 11:38:11 GMT-03:00 2026,PUT,https://localhost:7194/api/veiculos,400,Bad Request,728,150,197
8998,Tue Jun 09 11:38:10 GMT-03:00 2026,Tue Jun 09 11:38:11 GMT-03:00 2026,POST,https://localhost:7194/api/servicos,400,Bad Request,511,150,220
8999,Tue Jun 09 11:38:11 GMT-03:00 2026,Tue Jun 09 11:38:11 GMT-03:00 2026,POST,https://localhost:7194/api/insumos,201,Created,354,229,201
9000,Tue Jun 09 11:38:10 GMT-03:00 2026,Tue Jun 09 11:38:11 GMT-03:00 2026,PUT,https://localhost:7194/api/clientes,400,Bad Request,537,150,198
9001,Tue Jun 09 11:38:11 GMT-03:00 2026,Tue Jun 09 11:38:11 GMT-03:00 2026,GET,https://localhost:7194/api/veiculos?clienteId=%22%2F%3E%3Cxsl%3Avalue-of+select%3D%22system-property%28%27xsl%3Avendor%27%29%22%2F%3E%3C%21--,400,Bad Request,531,150,208
9002,Tue Jun 09 11:38:11 GMT-03:00 2026,Tue Jun 09 11:38:11 GMT-03:00 2026,POST,https://localhost:7194/api/clientes,400,Bad Request,494,149,74
9003,Tue Jun 09 11:38:11 GMT-03:00 2026,Tue Jun 09 11:38:11 GMT-03:00 2026,PUT,https://localhost:7194/api/servicos,400,Bad Request,510,150,197
9004,Tue Jun 09 11:38:11 GMT-03:00 2026,Tue Jun 09 11:38:11 GMT-03:00 2026,POST,https://localhost:7194/api/ordens-servico,400,Bad Request,625,150,205
9005,Tue Jun 09 11:38:11 GMT-03:00 2026,Tue Jun 09 11:38:11 GMT-03:00 2026,PUT,https://localhost:7194/api/ordens-servico,400,Bad Request,650,150,197
9006,Tue Jun 09 11:38:11 GMT-03:00 2026,Tue Jun 09 11:38:11 GMT-03:00 2026,PUT,https://localhost:7194/api/insumos,400,Bad Request,695,150,197
9007,Tue Jun 09 11:38:11 GMT-03:00 2026,Tue Jun 09 11:38:11 GMT-03:00 2026,POST,https://localhost:7194/api/veiculos,400,Bad Request,726,150,205
9008,Tue Jun 09 11:38:11 GMT-03:00 2026,Tue Jun 09 11:38:11 GMT-03:00 2026,PUT,https://localhost:7194/api/veiculos,400,Bad Request,577,150,198
9009,Tue Jun 09 11:38:11 GMT-03:00 2026,Tue Jun 09 11:38:12 GMT-03:00 2026,GET,https://localhost:7194/api/veiculos?clienteId=%3Cxsl%3Avalue-of+select%3D%22system-property%28%27xsl%3Avendor%27%29%22%2F%3E%3C%21--,400,Bad Request,601,150,200
9010,Tue Jun 09 11:38:11 GMT-03:00 2026,Tue Jun 09 11:38:12 GMT-03:00 2026,POST,https://localhost:7194/api/clientes,400,Bad Request,496,149,74
9011,Tue Jun 09 11:38:11 GMT-03:00 2026,Tue Jun 09 11:38:12 GMT-03:00 2026,POST,https://localhost:7194/api/servicos,400,Bad Request,853,150,220
9012,Tue Jun 09 11:38:11 GMT-03:00 2026,Tue Jun 09 11:38:12 GMT-03:00 2026,PUT,https://localhost:7194/api/clientes,400,Bad Request,889,150,197
9013,Tue Jun 09 11:38:11 GMT-03:00 2026,Tue Jun 09 11:38:12 GMT-03:00 2026,PUT,https://localhost:7194/api/servicos,400,Bad Request,604,150,198
9014,Tue Jun 09 11:38:11 GMT-03:00 2026,Tue Jun 09 11:38:12 GMT-03:00 2026,POST,https://localhost:7194/api/insumos,201,Created,998,229,126
9015,Tue Jun 09 11:38:11 GMT-03:00 2026,Tue Jun 09 11:38:12 GMT-03:00 2026,PUT,https://localhost:7194/api/ordens-servico,400,Bad Request,549,150,197
9016,Tue Jun 09 11:38:11 GMT-03:00 2026,Tue Jun 09 11:38:12 GMT-03:00 2026,POST,https://localhost:7194/api/ordens-servico,400,Bad Request,718,150,204
9017,Tue Jun 09 11:38:12 GMT-03:00 2026,Tue Jun 09 11:38:12 GMT-03:00 2026,GET,https://localhost:7194/api/veiculos?clienteId=%3Cxsl%3Avalue-of+select%3D%22document%28%27http%3A%2F%2Flocalhost%3A22%27%29%22%2F%3E,400,Bad Request,466,150,196
9018,Tue Jun 09 11:38:11 GMT-03:00 2026,Tue Jun 09 11:38:12 GMT-03:00 2026,POST,https://localhost:7194/api/veiculos,400,Bad Request,755,150,205
9019,Tue Jun 09 11:38:11 GMT-03:00 2026,Tue Jun 09 11:38:12 GMT-03:00 2026,PUT,https://localhost:7194/api/insumos,400,Bad Request,761,150,197
9020,Tue Jun 09 11:38:12 GMT-03:00 2026,Tue Jun 09 11:38:12 GMT-03:00 2026,POST,https://localhost:7194/api/clientes,400,Bad Request,505,149,74
9021,Tue Jun 09 11:38:11 GMT-03:00 2026,Tue Jun 09 11:38:12 GMT-03:00 2026,PUT,https://localhost:7194/api/veiculos,400,Bad Request,785,150,197
9022,Tue Jun 09 11:38:12 GMT-03:00 2026,Tue Jun 09 11:38:12 GMT-03:00 2026,POST,https://localhost:7194/api/servicos,400,Bad Request,680,150,219
9023,Tue Jun 09 11:38:12 GMT-03:00 2026,Tue Jun 09 11:38:12 GMT-03:00 2026,POST,https://localhost:7194/api/insumos,201,Created,534,229,181
9024,Tue Jun 09 11:38:12 GMT-03:00 2026,Tue Jun 09 11:38:13 GMT-03:00 2026,PUT,https://localhost:7194/api/servicos,400,Bad Request,768,150,197
9025,Tue Jun 09 11:38:12 GMT-03:00 2026,Tue Jun 09 11:38:13 GMT-03:00 2026,PUT,https://localhost:7194/api/clientes,400,Bad Request,770,150,197
9026,Tue Jun 09 11:38:12 GMT-03:00 2026,Tue Jun 09 11:38:13 GMT-03:00 2026,GET,https://localhost:7194/api/veiculos?clienteId=%3Cxsl%3Avariable+name%3D%22rtobject%22+select%3D%22runtime%3AgetRuntime%28%29%22%2F%3E%0A%3Cxsl%3Avariable+name%3D%22process%22+select%3D%22runtime%3Aexec%28%24rtobject%2C%27erroneous_command%27%29%22%2F%3E%0A%3Cxsl%3Avariable+name%3D%22waiting%22+select%3D%22process%3AwaitFor%28%24process%29%22%2F%3E%0A%3Cxsl%3Avalue-of+select%3D%22%24process%22%2F%3E,400,Bad Request,556,150,604
9027,Tue Jun 09 11:38:12 GMT-03:00 2026,Tue Jun 09 11:38:13 GMT-03:00 2026,POST,https://localhost:7194/api/ordens-servico,400,Bad Request,772,150,204
9028,Tue Jun 09 11:38:12 GMT-03:00 2026,Tue Jun 09 11:38:13 GMT-03:00 2026,PUT,https://localhost:7194/api/ordens-servico,400,Bad Request,785,150,197
9029,Tue Jun 09 11:38:12 GMT-03:00 2026,Tue Jun 09 11:38:13 GMT-03:00 2026,PUT,https://localhost:7194/api/insumos,400,Bad Request,712,150,197
9030,Tue Jun 09 11:38:12 GMT-03:00 2026,Tue Jun 09 11:38:13 GMT-03:00 2026,POST,https://localhost:7194/api/clientes,400,Bad Request,757,149,74
9031,Tue Jun 09 11:38:12 GMT-03:00 2026,Tue Jun 09 11:38:13 GMT-03:00 2026,POST,https://localhost:7194/api/veiculos,400,Bad Request,807,150,205
9032,Tue Jun 09 11:38:12 GMT-03:00 2026,Tue Jun 09 11:38:13 GMT-03:00 2026,PUT,https://localhost:7194/api/veiculos,400,Bad Request,930,150,197
9033,Tue Jun 09 11:38:12 GMT-03:00 2026,Tue Jun 09 11:38:13 GMT-03:00 2026,POST,https://localhost:7194/api/insumos,201,Created,787,229,156
9034,Tue Jun 09 11:38:13 GMT-03:00 2026,Tue Jun 09 11:38:13 GMT-03:00 2026,GET,https://localhost:7194/api/veiculos?clienteId=%3Cxsl%3Avalue-of+select%3D%22php%3Afunction%28%27exec%27%2C%27erroneous_command+2%3E%26amp%3B1%27%29%22%2F%3E,400,Bad Request,557,150,232
9035,Tue Jun 09 11:38:12 GMT-03:00 2026,Tue Jun 09 11:38:13 GMT-03:00 2026,POST,https://localhost:7194/api/servicos,400,Bad Request,805,150,220
9036,Tue Jun 09 11:38:13 GMT-03:00 2026,Tue Jun 09 11:38:13 GMT-03:00 2026,PUT,https://localhost:7194/api/servicos,400,Bad Request,776,150,197
9037,Tue Jun 09 11:38:13 GMT-03:00 2026,Tue Jun 09 11:38:13 GMT-03:00 2026,PUT,https://localhost:7194/api/clientes,400,Bad Request,811,150,197
9038,Tue Jun 09 11:38:13 GMT-03:00 2026,Tue Jun 09 11:38:14 GMT-03:00 2026,PUT,https://localhost:7194/api/ordens-servico,400,Bad Request,881,150,197
9039,Tue Jun 09 11:38:13 GMT-03:00 2026,Tue Jun 09 11:38:14 GMT-03:00 2026,POST,https://localhost:7194/api/ordens-servico,400,Bad Request,881,150,204
9040,Tue Jun 09 11:38:13 GMT-03:00 2026,Tue Jun 09 11:38:14 GMT-03:00 2026,PUT,https://localhost:7194/api/insumos,400,Bad Request,811,150,197
9041,Tue Jun 09 11:38:13 GMT-03:00 2026,Tue Jun 09 11:38:14 GMT-03:00 2026,POST,https://localhost:7194/api/clientes,400,Bad Request,749,149,74
9042,Tue Jun 09 11:38:13 GMT-03:00 2026,Tue Jun 09 11:38:14 GMT-03:00 2026,POST,https://localhost:7194/api/veiculos,400,Bad Request,756,150,205
9043,Tue Jun 09 11:38:13 GMT-03:00 2026,Tue Jun 09 11:38:14 GMT-03:00 2026,PUT,https://localhost:7194/api/veiculos,400,Bad Request,635,150,197
9044,Tue Jun 09 11:38:13 GMT-03:00 2026,Tue Jun 09 11:38:14 GMT-03:00 2026,POST,https://localhost:7194/api/insumos,201,Created,628,229,189
9045,Tue Jun 09 11:38:13 GMT-03:00 2026,Tue Jun 09 11:38:14 GMT-03:00 2026,POST,https://localhost:7194/api/servicos,400,Bad Request,745,150,220
9046,Tue Jun 09 11:38:13 GMT-03:00 2026,Tue Jun 09 11:38:14 GMT-03:00 2026,PUT,https://localhost:7194/api/servicos,400,Bad Request,673,150,197
9047,Tue Jun 09 11:38:13 GMT-03:00 2026,Tue Jun 09 11:38:14 GMT-03:00 2026,PUT,https://localhost:7194/api/clientes,400,Bad Request,709,150,197
9048,Tue Jun 09 11:38:14 GMT-03:00 2026,Tue Jun 09 11:38:14 GMT-03:00 2026,POST,https://localhost:7194/api/ordens-servico,400,Bad Request,600,150,204
9049,Tue Jun 09 11:38:14 GMT-03:00 2026,Tue Jun 09 11:38:14 GMT-03:00 2026,POST,https://localhost:7194/api/clientes,400,Bad Request,565,149,74
9050,Tue Jun 09 11:38:14 GMT-03:00 2026,Tue Jun 09 11:38:14 GMT-03:00 2026,PUT,https://localhost:7194/api/insumos,400,Bad Request,586,150,197
9051,Tue Jun 09 11:38:14 GMT-03:00 2026,Tue Jun 09 11:38:14 GMT-03:00 2026,PUT,https://localhost:7194/api/veiculos,400,Bad Request,701,150,197
9052,Tue Jun 09 11:38:14 GMT-03:00 2026,Tue Jun 09 11:38:15 GMT-03:00 2026,POST,https://localhost:7194/api/veiculos,400,Bad Request,776,150,205
9053,Tue Jun 09 11:38:14 GMT-03:00 2026,Tue Jun 09 11:38:15 GMT-03:00 2026,PUT,https://localhost:7194/api/clientes,400,Bad Request,540,150,197
9054,Tue Jun 09 11:38:14 GMT-03:00 2026,Tue Jun 09 11:38:15 GMT-03:00 2026,POST,https://localhost:7194/api/servicos,400,Bad Request,664,150,220
9055,Tue Jun 09 11:38:14 GMT-03:00 2026,Tue Jun 09 11:38:15 GMT-03:00 2026,PUT,https://localhost:7194/api/servicos,400,Bad Request,625,150,197
9056,Tue Jun 09 11:38:14 GMT-03:00 2026,Tue Jun 09 11:38:15 GMT-03:00 2026,POST,https://localhost:7194/api/ordens-servico,400,Bad Request,505,150,204
9057,Tue Jun 09 11:38:14 GMT-03:00 2026,Tue Jun 09 11:38:15 GMT-03:00 2026,PUT,https://localhost:7194/api/veiculos,400,Bad Request,423,150,197
9058,Tue Jun 09 11:38:15 GMT-03:00 2026,Tue Jun 09 11:38:15 GMT-03:00 2026,POST,https://localhost:7194/api/veiculos,400,Bad Request,495,150,205
9059,Tue Jun 09 11:38:15 GMT-03:00 2026,Tue Jun 09 11:38:15 GMT-03:00 2026,PUT,https://localhost:7194/api/servicos,400,Bad Request,364,150,197
9060,Tue Jun 09 11:38:15 GMT-03:00 2026,Tue Jun 09 11:38:15 GMT-03:00 2026,POST,https://localhost:7194/api/veiculos,400,Bad Request,53,150,205
9061,Tue Jun 09 11:38:15 GMT-03:00 2026,Tue Jun 09 11:38:15 GMT-03:00 2026,GET,https://localhost:7194,301,Moved Permanently,7,129,0
9062,Tue Jun 09 11:38:15 GMT-03:00 2026,Tue Jun 09 11:38:15 GMT-03:00 2026,GET,https://localhost:7194/api,404,Not Found,1,99,0
9063,Tue Jun 09 11:38:15 GMT-03:00 2026,Tue Jun 09 11:38:15 GMT-03:00 2026,GET,https://localhost:7194/api/ordens-servico/cliente,404,Not Found,3,99,0
9064,Tue Jun 09 11:38:16 GMT-03:00 2026,Tue Jun 09 11:38:16 GMT-03:00 2026,GET,https://localhost:7194/api/veiculos,200,OK,12,142,5536
9065,Tue Jun 09 11:38:16 GMT-03:00 2026,Tue Jun 09 11:38:16 GMT-03:00 2026,GET,https://localhost:7194/swagger,404,Not Found,36,99,0
9066,Tue Jun 09 11:38:16 GMT-03:00 2026,Tue Jun 09 11:38:16 GMT-03:00 2026,GET,https://localhost:7194,301,Moved Permanently,0,129,0
9067,Tue Jun 09 11:38:16 GMT-03:00 2026,Tue Jun 09 11:38:16 GMT-03:00 2026,GET,https://localhost:7194/api,404,Not Found,0,99,0
9068,Tue Jun 09 11:38:16 GMT-03:00 2026,Tue Jun 09 11:38:16 GMT-03:00 2026,GET,https://localhost:7194/api/ordens-servico/cliente,404,Not Found,1,99,0
9069,Tue Jun 09 11:38:16 GMT-03:00 2026,Tue Jun 09 11:38:16 GMT-03:00 2026,GET,https://localhost:7194/api/veiculos,200,OK,6,142,5536
9070,Tue Jun 09 11:38:16 GMT-03:00 2026,Tue Jun 09 11:38:16 GMT-03:00 2026,GET,https://localhost:7194/swagger,404,Not Found,3,99,0
9071,Tue Jun 09 11:38:16 GMT-03:00 2026,Tue Jun 09 11:38:16 GMT-03:00 2026,GET,https://localhost:7194,301,Moved Permanently,1,129,0
9072,Tue Jun 09 11:38:16 GMT-03:00 2026,Tue Jun 09 11:38:16 GMT-03:00 2026,GET,https://localhost:7194/api,404,Not Found,1,99,0
9073,Tue Jun 09 11:38:16 GMT-03:00 2026,Tue Jun 09 11:38:16 GMT-03:00 2026,GET,https://localhost:7194/api/ordens-servico/cliente,404,Not Found,1,99,0
9074,Tue Jun 09 11:38:16 GMT-03:00 2026,Tue Jun 09 11:38:16 GMT-03:00 2026,GET,https://localhost:7194/api/veiculos,200,OK,5,142,5536
9075,Tue Jun 09 11:38:16 GMT-03:00 2026,Tue Jun 09 11:38:16 GMT-03:00 2026,GET,https://localhost:7194/swagger,404,Not Found,3,99,0
9076,Tue Jun 09 11:38:16 GMT-03:00 2026,Tue Jun 09 11:38:16 GMT-03:00 2026,GET,https://localhost:7194/api/clientes,200,OK,36,142,7635
9077,Tue Jun 09 11:38:16 GMT-03:00 2026,Tue Jun 09 11:38:16 GMT-03:00 2026,GET,https://localhost:7194/swagger-ui/,404,Not Found,36,99,0
9078,Tue Jun 09 11:38:16 GMT-03:00 2026,Tue Jun 09 11:38:16 GMT-03:00 2026,GET,https://localhost:7194/api/insumos/id,404,Not Found,36,99,0
9079,Tue Jun 09 11:38:16 GMT-03:00 2026,Tue Jun 09 11:38:16 GMT-03:00 2026,GET,https://localhost:7194/api/ordens-servico/id,404,Not Found,9,99,0
9080,Tue Jun 09 11:38:16 GMT-03:00 2026,Tue Jun 09 11:38:16 GMT-03:00 2026,GET,https://localhost:7194/api/clientes,200,OK,43,142,7635
9081,Tue Jun 09 11:38:16 GMT-03:00 2026,Tue Jun 09 11:38:16 GMT-03:00 2026,GET,https://localhost:7194/api/ordens-servico/id/aprovar-orcamento,405,Method Not Allowed,26,121,0
9083,Tue Jun 09 11:38:16 GMT-03:00 2026,Tue Jun 09 11:38:16 GMT-03:00 2026,GET,https://localhost:7194/api/insumos,200,OK,68,144,188917
9082,Tue Jun 09 11:38:16 GMT-03:00 2026,Tue Jun 09 11:38:16 GMT-03:00 2026,GET,https://localhost:7194/api/insumos,200,OK,79,144,188917
9084,Tue Jun 09 11:38:16 GMT-03:00 2026,Tue Jun 09 11:38:16 GMT-03:00 2026,GET,https://localhost:7194/api/ordens-servico/id/em-diagnostico,405,Method Not Allowed,0,121,0
9085,Tue Jun 09 11:38:16 GMT-03:00 2026,Tue Jun 09 11:38:16 GMT-03:00 2026,GET,https://localhost:7194/v3/api-docs,404,Not Found,1,99,0
9086,Tue Jun 09 11:38:16 GMT-03:00 2026,Tue Jun 09 11:38:16 GMT-03:00 2026,GET,https://localhost:7194/swagger.json,404,Not Found,7,99,0
9087,Tue Jun 09 11:38:16 GMT-03:00 2026,Tue Jun 09 11:38:16 GMT-03:00 2026,GET,https://localhost:7194/openapi.json,404,Not Found,2,99,0
9088,Tue Jun 09 11:38:16 GMT-03:00 2026,Tue Jun 09 11:38:16 GMT-03:00 2026,GET,https://localhost:7194/api-docs,404,Not Found,4,99,0
9089,Tue Jun 09 11:38:16 GMT-03:00 2026,Tue Jun 09 11:38:16 GMT-03:00 2026,GET,https://localhost:7194/docs/,404,Not Found,1,99,0
9090,Tue Jun 09 11:38:16 GMT-03:00 2026,Tue Jun 09 11:38:16 GMT-03:00 2026,GET,https://localhost:7194/swagger,404,Not Found,0,99,0
9091,Tue Jun 09 11:38:16 GMT-03:00 2026,Tue Jun 09 11:38:16 GMT-03:00 2026,GET,https://localhost:7194/v2/api-docs,404,Not Found,1,99,0
9092,Tue Jun 09 11:38:16 GMT-03:00 2026,Tue Jun 09 11:38:16 GMT-03:00 2026,GET,https://localhost:7194/api/ordens-servico/id/em-execucao,405,Method Not Allowed,1,121,0
9093,Tue Jun 09 11:38:16 GMT-03:00 2026,Tue Jun 09 11:38:16 GMT-03:00 2026,GET,https://localhost:7194/swagger-ui/index.html,404,Not Found,1,99,0
9094,Tue Jun 09 11:38:16 GMT-03:00 2026,Tue Jun 09 11:38:16 GMT-03:00 2026,GET,https://localhost:7194/openapi.yaml,404,Not Found,1,99,0
9095,Tue Jun 09 11:38:16 GMT-03:00 2026,Tue Jun 09 11:38:16 GMT-03:00 2026,GET,https://localhost:7194/swagger.yaml,404,Not Found,1,99,0
9096,Tue Jun 09 11:38:16 GMT-03:00 2026,Tue Jun 09 11:38:16 GMT-03:00 2026,GET,https://localhost:7194/api/ordens-servico/id/entregar,405,Method Not Allowed,1,121,0
9097,Tue Jun 09 11:38:16 GMT-03:00 2026,Tue Jun 09 11:38:16 GMT-03:00 2026,GET,https://localhost:7194/api/ordens-servico/id/enviar-orcamento,405,Method Not Allowed,1,121,0
9098,Tue Jun 09 11:38:16 GMT-03:00 2026,Tue Jun 09 11:38:16 GMT-03:00 2026,GET,https://localhost:7194/api/ordens-servico/id/finalizar,405,Method Not Allowed,1,121,0
9099,Tue Jun 09 11:38:16 GMT-03:00 2026,Tue Jun 09 11:38:16 GMT-03:00 2026,GET,https://localhost:7194/swagger/ui/index.html,404,Not Found,2,99,0
9100,Tue Jun 09 11:38:16 GMT-03:00 2026,Tue Jun 09 11:38:16 GMT-03:00 2026,GET,https://localhost:7194/api/ordens-servico/id/gerar-orcamento,405,Method Not Allowed,1,121,0
9101,Tue Jun 09 11:38:16 GMT-03:00 2026,Tue Jun 09 11:38:16 GMT-03:00 2026,GET,https://localhost:7194/api/clientes/id,404,Not Found,1,99,0
9102,Tue Jun 09 11:38:16 GMT-03:00 2026,Tue Jun 09 11:38:16 GMT-03:00 2026,GET,https://localhost:7194/api/ordens-servico,200,OK,39,139,2
9103,Tue Jun 09 11:38:16 GMT-03:00 2026,Tue Jun 09 11:38:16 GMT-03:00 2026,GET,https://localhost:7194/api/servicos/id,404,Not Found,1,99,0
9104,Tue Jun 09 11:38:16 GMT-03:00 2026,Tue Jun 09 11:38:16 GMT-03:00 2026,GET,https://localhost:7194/api/ordens-servico,200,OK,31,139,2
9105,Tue Jun 09 11:38:16 GMT-03:00 2026,Tue Jun 09 11:38:16 GMT-03:00 2026,GET,https://localhost:7194/api/servicos,200,OK,9,142,3601
9106,Tue Jun 09 11:38:16 GMT-03:00 2026,Tue Jun 09 11:38:16 GMT-03:00 2026,GET,https://localhost:7194/api/servicos,200,OK,8,142,3601
9107,Tue Jun 09 11:38:16 GMT-03:00 2026,Tue Jun 09 11:38:16 GMT-03:00 2026,GET,https://localhost:7194/api/veiculos/id,404,Not Found,3,99,0
9108,Tue Jun 09 11:38:16 GMT-03:00 2026,Tue Jun 09 11:38:16 GMT-03:00 2026,GET,https://localhost:7194,301,Moved Permanently,5,129,0
9109,Tue Jun 09 11:38:16 GMT-03:00 2026,Tue Jun 09 11:38:16 GMT-03:00 2026,GET,https://localhost:7194/api/veiculos,200,OK,5,142,5536
9110,Tue Jun 09 11:38:16 GMT-03:00 2026,Tue Jun 09 11:38:16 GMT-03:00 2026,GET,https://localhost:7194/api,404,Not Found,0,99,0
9111,Tue Jun 09 11:38:16 GMT-03:00 2026,Tue Jun 09 11:38:16 GMT-03:00 2026,GET,https://localhost:7194/api/veiculos,200,OK,8,142,5536
9112,Tue Jun 09 11:38:17 GMT-03:00 2026,Tue Jun 09 11:38:17 GMT-03:00 2026,GET,https://localhost:7194/api/clientes,200,OK,26,142,7635
9113,Tue Jun 09 11:38:17 GMT-03:00 2026,Tue Jun 09 11:38:17 GMT-03:00 2026,GET,https://localhost:7194/api/clientes/id,404,Not Found,10,99,0
9114,Tue Jun 09 11:38:17 GMT-03:00 2026,Tue Jun 09 11:38:17 GMT-03:00 2026,GET,https://localhost:7194/api/indicadores,200,OK,13,140,80
9115,Tue Jun 09 11:38:17 GMT-03:00 2026,Tue Jun 09 11:38:17 GMT-03:00 2026,GET,https://localhost:7194/api/ordens-servico/cliente,404,Not Found,7,99,0
9116,Tue Jun 09 11:38:17 GMT-03:00 2026,Tue Jun 09 11:38:17 GMT-03:00 2026,GET,https://localhost:7194/api/insumos/id,404,Not Found,16,99,0
9117,Tue Jun 09 11:38:17 GMT-03:00 2026,Tue Jun 09 11:38:17 GMT-03:00 2026,GET,https://localhost:7194/api/insumos,200,OK,53,144,188917
9118,Tue Jun 09 11:38:17 GMT-03:00 2026,Tue Jun 09 11:38:17 GMT-03:00 2026,GET,https://localhost:7194/api/ordens-servico,200,OK,14,139,2
9119,Tue Jun 09 11:38:17 GMT-03:00 2026,Tue Jun 09 11:38:17 GMT-03:00 2026,GET,https://localhost:7194/api/ordens-servico/cliente,404,Not Found,6,99,0
9120,Tue Jun 09 11:38:17 GMT-03:00 2026,Tue Jun 09 11:38:17 GMT-03:00 2026,GET,https://localhost:7194/api/ordens-servico/cliente/clienteId,404,Not Found,0,99,0
9121,Tue Jun 09 11:38:17 GMT-03:00 2026,Tue Jun 09 11:38:17 GMT-03:00 2026,GET,https://localhost:7194/api/ordens-servico/id,404,Not Found,1,99,0
9122,Tue Jun 09 11:38:17 GMT-03:00 2026,Tue Jun 09 11:38:17 GMT-03:00 2026,GET,https://localhost:7194/api/ordens-servico/id/acompanhamento,404,Not Found,0,99,0
9123,Tue Jun 09 11:38:17 GMT-03:00 2026,Tue Jun 09 11:38:17 GMT-03:00 2026,GET,https://localhost:7194/api/veiculos,200,OK,5,142,5536
9124,Tue Jun 09 11:38:17 GMT-03:00 2026,Tue Jun 09 11:38:17 GMT-03:00 2026,GET,https://localhost:7194/api/servicos,200,OK,10,142,3601
9125,Tue Jun 09 11:38:17 GMT-03:00 2026,Tue Jun 09 11:38:17 GMT-03:00 2026,GET,https://localhost:7194/api/servicos/id,404,Not Found,4,99,0
9126,Tue Jun 09 11:38:17 GMT-03:00 2026,Tue Jun 09 11:38:17 GMT-03:00 2026,GET,https://localhost:7194/api/veiculos,200,OK,5,142,5536
9127,Tue Jun 09 11:38:17 GMT-03:00 2026,Tue Jun 09 11:38:17 GMT-03:00 2026,GET,https://localhost:7194/swagger,404,Not Found,4,99,0
9128,Tue Jun 09 11:38:17 GMT-03:00 2026,Tue Jun 09 11:38:17 GMT-03:00 2026,GET,https://localhost:7194/api/veiculos/id,404,Not Found,3,99,0
9129,Tue Jun 09 11:38:17 GMT-03:00 2026,Tue Jun 09 11:38:17 GMT-03:00 2026,GET,https://localhost:7194/api/veiculos,200,OK,5,142,5536
9130,Tue Jun 09 11:38:17 GMT-03:00 2026,Tue Jun 09 11:38:17 GMT-03:00 2026,GET,https://localhost:7194/swagger,404,Not Found,1,99,0
